순위,대회,클럽명,선수명,등 번호,포지션,포인트,공격,패스,수비,수비.골키퍼,골키퍼,기타,공격상세,득점,득점(PK),페널티 지역 밖 골,유효슈팅,드리블성공,PK실축,패스상세,도움,패스성공,키패스,크로스성공,수비상세,태클,블락,인터셉터,그라운드 경합,공중볼경합,PK제공,수비.골키퍼상세,실점,클린시트,클리어,골키퍼상세,펀칭,캐칭,공중볼 처리,PK선방,기타상세,자책골,승리,패배,획득,볼미스,경고,경고누적,퇴장
1,K리그 1,울산,이동경,10,MF,57770,28320,21090,3270,375,0,4715,,17600(11),1200(2),3000(3),6900(46),720(9),-1100(2),,6000(12),1700(850),10950(73),2440(61),,540(16),170(34),500(13),1770(10),290(16),0(0),,0(0),0(13),375(15),,0(0),0(0),0(0),0(0),,0(0),5400(18),-3300(11),2835(189),-120(40),-100(1),0(0),0(0)
2,K리그 1,수원FC,싸박,9,FW,53983,34700,5926,13330,750,0,-723,,24000(15),1100(2),1000(1),7800(52),800(10),0(0),,1000(2),756(378),4050(27),120(3),,225(9),80(16),175(5),11400(76),1450(145),0(0),,0(0),0(5),750(30),,0(0),0(0),0(0),0(0),,0(0),3300(11),-5100(17),1785(119),-108(36),-600(6),0(0),0(0)
3,K리그 1,전북,전진우,14,FW,49486,30470,6426,5120,1125,0,6345,,24000(15),550(1),1000(1),4200(28),720(9),0(0),,1000(2),1416(708),3450(23),560(14),,400(16),180(36),700(20),3450(23),390(39),0(0),,0(0),0(14),1125(45),,0(0),0(0),0(0),0(0),,0(0),6600(22),-1500(5),2205(147),-60(20),-900(9),0(0),0(0)
4,K리그 1,대구,세징야,11,FW,49051,26060,18272,3815,250,0,654,,14400(9),1650(3),6000(6),3450(23),560(7),0(0),,6000(12),1802(901),8550(57),1920(48),,220(8),95(19),290(8),3000(19),210(18),0(0),,0(0),0(1),250(10),,0(0),0(0),0(0),0(0),,0(0),1800(6),-3000(10),2250(150),-96(32),-300(3),0(0),0(0)
5,K리그 1,전북,송범근,31,GK,45900,0,9600,990,-6525,28460,13375,,0(0),0(0),0(0),0(0),0(0),0(0),,0(0),9300(930),300(1),0(0),,0(0),0(0),990(33),0(0),0(0),0(0),,-19200(-19200),12000(15),675(27),,11200(56),16500(66),760(76),0(0),,0(0),11500(23),-500(5),2775(185),0(0),-400(4),0(0),0(0)
6,K리그 1,안양,모따,9,FW,45405,27610,6392,10235,1000,0,168,,20800(13),550(1),1000(1),5550(37),160(2),-450(1),,2000(4),782(391),3450(23),160(4),,300(12),145(29),490(14),7200(48),2100(210),0(0),,0(0),0(6),1000(40),,0(0),0(0),0(0),0(0),,0(0),3900(13),-5100(17),2040(136),-72(24),-600(6),0(0),0(0)
7,K리그 1,대전,주민규,10,FW,42045,22850,5394,9160,375,0,4266,,17600(11),1650(3),0(0),4050(27),0(0),-450(1),,1500(3),744(372),3150(21),0(0),,270(10),80(16),140(4),7800(52),870(87),0(0),,0(0),0(8),375(15),,0(0),0(0),0(0),0(0),,0(0),5100(17),-2100(7),1620(108),-54(18),-300(3),0(0),0(0)
8,K리그 1,광주,헤이스,17,MF,42044,22730,7262,7445,550,0,4057,,14400(9),550(1),1000(1),5100(34),1680(21),0(0),,1000(2),1692(846),4050(27),520(13),,860(34),200(40),785(22),4980(33),620(57),0(0),,0(0),0(13),550(22),,0(0),0(0),0(0),0(0),,0(0),4500(15),-3900(13),3765(251),-108(36),-200(2),0(0),0(0)
9,K리그 1,서울,린가드,10,FW,41718,21220,15104,4255,125,0,1014,,11200(7),1850(3),3000(3),5400(36),320(4),-550(1),,2000(4),2134(1067),8850(59),2120(53),,645(19),120(24),200(5),3210(18),80(4),0(0),,0(0),0(10),125(5),,0(0),0(0),0(0),0(0),,0(0),3000(10),-3600(12),2580(172),-66(22),-900(9),0(0),0(0)
10,K리그 1,서울,안데르손,70,FW,40787,16990,16036,6455,50,0,1256,,9600(6),0(0),2000(2),3600(24),2240(28),-450(1),,4000(8),2066(1033),8850(59),1120(28),,860(28),200(40),1035(28),4200(26),160(12),0(0),,0(0),0(8),50(2),,0(0),0(0),0(0),0(0),,0(0),2400(8),-5400(18),4770(318),-114(38),-400(4),0(0),0(0)
11,K리그 1,포항,이호재,19,FW,40723,25180,2962,11095,675,0,811,,16000(10),2750(5),1000(1),5400(36),480(6),-450(1),,500(1),922(461),1500(10),40(1),,225(9),135(27),525(15),9150(61),1060(106),0(0),,0(0),0(12),675(27),,0(0),0(0),0(0),0(0),,-1500(1),4500(15),-3600(12),1965(131),-54(18),-500(5),0(0),0(0)
12,K리그 1,안양,마테우스,7,MF,40519,24680,12750,2855,425,0,-191,,16000(10),0(0),4000(4),4650(31),480(6),-450(1),,2500(5),1620(810),7350(49),1280(32),,265(9),130(26),470(13),1920(12),70(7),0(0),,0(0),0(5),425(17),,0(0),0(0),0(0),0(0),,0(0),3600(12),-4800(16),3090(206),-81(27),-500(5),0(0),-1500(1)
13,K리그 1,전북,박진섭,4,DF,39572,6850,6032,15645,3050,0,7995,,4800(3),0(0),1000(1),1050(7),0(0),0(0),,1000(2),3752(1876),1200(8),80(2),,1590(39),815(73),2120(44),7380(48),3740(109),0(0),,-3600(-3600),2400(14),4250(170),,0(0),0(0),0(0),0(0),,0(0),6000(20),-1500(5),4410(294),-15(5),-900(9),0(0),0(0)
14,K리그 1,제주,김승섭,77,FW,38620,22610,7682,3765,475,0,4088,,12800(8),0(0),4000(4),5250(35),560(7),0(0),,1500(3),1562(781),3900(26),720(18),,510(16),255(51),850(23),1950(12),200(13),0(0),,0(0),0(13),475(19),,0(0),0(0),0(0),0(0),,0(0),5100(17),-3600(12),2745(183),-57(19),-100(1),0(0),0(0)
15,K리그 1,제주,유리 조나탄,9,FW,37864,24820,3510,10580,750,0,-1796,,17600(11),1100(2),1000(1),5250(35),320(4),-450(1),,0(0),840(420),2550(17),120(3),,400(16),90(18),280(8),8250(55),1560(156),0(0),,0(0),0(8),750(30),,0(0),0(0),0(0),0(0),,0(0),2400(8),-4800(16),1455(97),-51(17),-800(8),0(0),0(0)
16,K리그 1,전북,김진규,97,MF,37476,13330,13710,2115,550,0,7771,,8000(5),0(0),3000(3),2250(15),80(1),0(0),,3000(6),1960(980),6750(45),2000(50),,280(8),165(33),560(14),900(5),210(11),0(0),,0(0),0(14),550(22),,0(0),0(0),0(0),0(0),,0(0),6300(21),-1500(5),3240(216),-69(23),-200(2),0(0),0(0)
17,K리그 1,포항,조르지,9,FW,37196,14330,7778,10770,925,0,3393,,6400(4),550(1),2000(2),4500(30),880(11),0(0),,2500(5),1058(529),3900(26),320(8),,710(28),210(42),780(22),8850(58),1220(115),-1000(1),,0(0),0(12),925(37),,0(0),0(0),0(0),0(0),,0(0),4800(16),-3900(13),2865(191),-72(24),-300(3),0(0),0(0)
18,K리그 1,강원,박상혁,19,FW,36677,22200,4798,6200,375,0,3104,,19200(12),0(0),0(0),3000(20),0(0),0(0),,1000(2),908(454),2850(19),40(1),,250(10),105(21),315(9),4800(32),730(73),0(0),,0(0),0(14),375(15),,0(0),0(0),0(0),0(0),,0(0),5400(18),-3000(10),1155(77),-51(17),-400(4),0(0),0(0)
19,K리그 1,전북,콤파뇨,96,FW,34434,21480,1040,6480,475,0,4959,,16000(10),1650(3),0(0),3750(25),80(1),0(0),,0(0),290(145),750(5),0(0),,75(3),55(11),70(2),5400(36),880(88),0(0),,0(0),0(10),475(19),,0(0),0(0),0(0),0(0),,0(0),5400(18),-900(3),795(53),-36(12),-300(3),0(0),0(0)
20,K리그 1,서울,김진수,22,DF,34032,5890,18142,9120,-2850,0,3730,,3200(2),0(0),1000(1),1650(11),40(1),0(0),,4000(8),3312(1656),8550(57),2280(57),,1300(26),1320(66),3360(56),3840(32),2300(46),-3000(3),,-9800(-9800),4400(11),2550(102),,0(0),0(0),0(0),0(0),,0(0),3600(12),-3600(12),4275(285),-45(15),-500(5),0(0),0(0)
21,K리그 1,포항,황인재,21,GK,31869,0,7360,360,-8150,22980,9319,,0(0),0(0),0(0),0(0),0(0),0(0),,0(0),7360(736),0(0),0(0),,0(0),0(1),360(12),0(0),0(0),0(0),,-18600(-18600),9600(12),850(34),,6200(31),14250(57),530(53),2000(1),,0(0),8000(16),-900(9),2325(155),-6(2),-100(1),0(0),0(0)
22,K리그 1,강원,모재현,42,FW,31821,11510,9202,6685,625,0,3799,,8000(5),650(1),0(0),2700(18),160(2),0(0),,2500(5),1212(606),4650(31),840(21),,435(13),135(27),875(22),4590(26),650(36),0(0),,0(0),0(13),625(25),,0(0),0(0),0(0),0(0),,0(0),3900(13),-2100(7),2280(152),-81(27),-200(2),0(0),0(0)
23,K리그 1,제주,남태희,10,MF,31812,14460,12826,3705,425,0,396,,9600(6),0(0),1000(1),3300(22),560(7),0(0),,2000(4),2496(1248),7050(47),1280(32),,480(14),95(19),800(20),2130(12),200(11),0(0),,0(0),0(9),425(17),,0(0),0(0),0(0),0(0),,0(0),2700(9),-5700(19),4065(271),-69(23),-600(6),0(0),0(0)
24,K리그 1,수원FC,루안,97,MF,31468,15420,9858,4980,225,0,985,,8000(5),0(0),2000(2),3900(26),1520(19),0(0),,0(0),1538(769),6600(44),1720(43),,1040(30),125(25),635(16),3030(17),150(9),0(0),,0(0),0(4),225(9),,0(0),0(0),0(0),0(0),,0(0),3000(10),-5100(17),3660(244),-75(25),-500(5),0(0),0(0)
25,K리그 1,포항,오베르단,8,MF,30584,13410,4726,6870,1125,0,4453,,9600(6),0(0),1000(1),2250(15),560(7),0(0),,0(0),2806(1403),1800(12),120(3),,1015(29),315(63),1800(45),4140(23),600(30),-1000(1),,0(0),0(10),1125(45),,0(0),0(0),0(0),0(0),,0(0),4800(16),-2700(9),4410(294),-57(19),-500(5),0(0),-1500(1)
26,K리그 1,전북,송민규,10,FW,30509,11740,6626,4720,325,0,7098,,8000(5),0(0),1000(1),2100(14),640(8),0(0),,1000(2),1176(588),4050(27),400(10),,350(14),65(13),875(25),4200(28),230(23),-1000(1),,0(0),0(13),325(13),,0(0),0(0),0(0),0(0),,0(0),6600(22),-1500(5),2355(157),-57(19),-300(3),0(0),0(0)
27,K리그 1,전북,티아고,9,FW,28403,15900,4942,2185,500,0,4876,,11200(7),1100(2),0(0),3600(24),0(0),0(0),,2500(5),412(206),1950(13),80(2),,225(9),50(10),140(4),900(6),870(87),0(0),,0(0),0(13),500(20),,0(0),0(0),0(0),0(0),,0(0),5700(19),-900(3),930(62),-54(18),-800(8),0(0),0(0)
28,K리그 1,전북,김태현,77,DF,27028,950,6498,8800,3175,0,7605,,0(0),0(0),0(0),750(5),200(5),0(0),,1500(3),1908(954),2250(15),840(21),,1700(34),1700(85),1500(25),2400(20),2500(50),-1000(1),,-4200(-4200),5200(13),2175(87),,0(0),0(0),0(0),0(0),,0(0),5700(19),-300(1),2850(190),-45(15),-600(6),0(0),0(0)
29,K리그 1,울산,에릭,97,MF,26915,17860,3640,5525,400,0,-510,,11200(7),1750(3),1000(1),3750(25),160(2),0(0),,0(0),850(425),2550(17),240(6),,420(16),105(21),220(6),4500(29),280(26),0(0),,0(0),0(6),400(16),,0(0),0(0),0(0),0(0),,0(0),1800(6),-3300(11),1335(89),-45(15),-300(3),0(0),0(0)
30,K리그 1,서울,조영욱,9,FW,26612,15590,4532,5565,350,0,575,,11200(7),0(0),1000(1),3150(21),240(3),0(0),,1000(2),742(371),2550(17),240(6),,225(9),110(22),140(4),4800(32),290(24),0(0),,0(0),0(10),350(14),,0(0),0(0),0(0),0(0),,0(0),3000(10),-3600(12),1320(88),-45(15),-100(1),0(0),0(0)
31,K리그 1,울산,고승범,7,MF,26611,6530,8556,8675,800,0,2050,,4800(3),0(0),0(0),1650(11),80(1),0(0),,1500(3),3036(1518),3300(22),720(18),,1540(44),295(59),1600(40),4680(26),560(28),0(0),,0(0),0(7),800(32),,0(0),0(0),0(0),0(0),,0(0),2100(7),-3600(12),4425(295),-75(25),-800(8),0(0),0(0)
32,K리그 1,전북,홍정호,26,DF,26589,640,4686,9580,4400,0,7283,,0(0),0(0),0(0),600(4),40(1),0(0),,500(1),2756(1378),1350(9),80(2),,750(15),840(42),1800(30),2640(22),3550(71),0(0),,-5000(-5000),5200(13),4200(168),,0(0),0(0),0(0),0(0),,0(0),6300(21),-900(3),2295(153),-12(4),-400(4),0(0),0(0)
33,K리그 1,전북,이동준,7,FW,26269,15680,3744,3380,375,0,3090,,11200(7),0(0),1000(1),3000(20),480(6),0(0),,1000(2),544(272),1800(12),400(10),,250(8),110(22),450(12),2250(14),320(24),0(0),,0(0),0(11),375(15),,0(0),0(0),0(0),0(0),,0(0),4800(16),-2700(9),1350(90),-60(20),-300(3),0(0),0(0)
34,K리그 1,포항,전민광,4,DF,26263,150,3650,20390,-725,0,2798,,0(0),0(0),0(0),150(1),0(0),0(0),,0(0),3160(1580),450(3),40(1),,900(18),1280(64),1020(17),7440(62),9750(195),0(0),,-9200(-9200),4400(11),4075(163),,0(0),0(0),0(0),0(0),,0(0),4800(16),-4200(14),2610(174),-12(4),-400(4),0(0),0(0)
35,K리그 1,서울,야잔,5,DF,26056,2470,5514,15140,-525,0,3457,,1600(1),0(0),0(0),750(5),120(3),0(0),,500(1),3624(1812),1350(9),40(1),,1800(36),900(45),1320(22),6120(51),6000(120),-1000(1),,-9400(-9400),4400(11),4475(179),,0(0),0(0),0(0),0(0),,0(0),3300(11),-3600(12),3990(266),-33(11),-200(2),0(0),0(0)
36,K리그 1,대전,마사,7,FW,25724,13150,5544,3060,325,0,3645,,9600(6),0(0),1000(1),2550(17),0(0),0(0),,2000(4),644(322),2700(18),200(5),,390(12),95(19),195(5),1920(11),460(26),0(0),,0(0),0(6),325(13),,0(0),0(0),0(0),0(0),,0(0),3900(13),-1500(5),1575(105),-30(10),-300(3),0(0),0(0)
37,K리그 1,서울,문선민,27,FW,25644,13310,7854,2785,100,0,1595,,9600(6),0(0),0(0),3150(21),560(7),0(0),,1500(3),954(477),4800(32),600(15),,310(10),145(29),380(10),1860(11),90(6),0(0),,0(0),0(11),100(4),,0(0),0(0),0(0),0(0),,0(0),3300(11),-3600(12),2010(134),-15(5),-100(1),0(0),0(0)
38,K리그 1,광주,변준수,5,DF,25604,4290,5144,11100,1225,0,3845,,3200(2),0(0),0(0),1050(7),40(1),0(0),,1000(2),3094(1547),1050(7),0(0),,1550(31),1060(53),1620(27),1920(16),5950(119),-1000(1),,-7400(-7400),4000(10),4625(185),,0(0),0(0),0(0),0(0),,0(0),4200(14),-3600(12),3960(264),-15(5),-700(7),0(0),0(0)
39,K리그 1,포항,박찬용,26,DF,25150,190,3838,12440,3700,0,4982,,0(0),0(0),0(0),150(1),40(1),0(0),,500(1),2738(1369),600(4),0(0),,1000(20),1000(50),2220(37),3720(31),4500(90),0(0),,-6800(-6800),6000(15),4500(180),,0(0),0(0),0(0),0(0),,0(0),4500(15),-3300(11),3900(260),-18(6),-100(1),0(0),0(0)
40,K리그 1,대전,김봉수,30,MF,25115,610,9128,7480,1350,0,6547,,0(0),0(0),0(0),450(3),160(2),0(0),,2000(4),3478(1739),3450(23),200(5),,1365(39),395(79),2480(62),3240(18),1000(50),-1000(1),,0(0),0(10),1350(54),,0(0),0(0),0(0),0(0),,0(0),4800(16),-3300(11),5280(352),-33(11),-200(2),0(0),0(0)
41,K리그 1,안양,토마스,55,DF,24441,6350,6008,10805,-1800,0,3078,,4800(3),0(0),0(0),1350(9),200(3),0(0),,1000(2),2258(1129),2550(17),200(5),,1415(31),740(46),1980(35),3840(29),2830(65),0(0),,-6800(-6800),2000(6),3000(120),,0(0),0(0),0(0),0(0),,0(0),4200(14),-4800(16),4320(288),-42(14),-600(6),0(0),0(0)
42,K리그 1,제주,이창민,8,MF,24220,8000,9870,4945,1300,0,105,,3200(2),0(0),2000(2),2400(16),400(5),0(0),,1500(3),3590(1795),3900(26),880(22),,700(20),265(53),1720(43),1800(10),460(23),0(0),,0(0),0(7),1300(52),,0(0),0(0),0(0),0(0),,0(0),2700(9),-4800(16),4320(288),-15(5),-600(6),0(0),-1500(1)
43,K리그 1,대전,이창근,1,GK,24060,0,7730,380,-12275,20950,7275,,0(0),0(0),0(0),0(0),0(0),0(0),,0(0),7130(713),600(2),0(0),,20(1),0(3),360(12),0(0),0(1),0(0),,-18600(-18600),5600(7),725(29),,7800(39),12750(51),400(40),0(0),,0(0),6000(12),-500(5),2175(145),0(0),-400(4),0(0),0(0)
44,K리그 1,울산,조현우,21,GK,23675,0,8410,470,-19175,29060,4910,,0(0),0(0),0(0),0(0),0(0),0(0),,0(0),8410(841),0(0),0(0),,20(1),0(2),450(15),0(0),0(0),0(0),,-27000(-27000),7200(9),625(25),,12800(64),9750(39),510(51),6000(3),,0(0),4500(9),-1400(14),2010(134),0(0),-200(2),0(0),0(0)
45,K리그 1,서울,정승원,7,MF,23556,5470,9470,3445,725,0,4446,,3200(2),0(0),0(0),1950(13),320(4),0(0),,2500(5),1870(935),4500(30),600(15),,215(7),155(31),705(18),2160(13),210(11),0(0),,0(0),0(11),725(29),,0(0),0(0),0(0),0(0),,0(0),3300(11),-2700(9),4185(279),-39(13),-300(3),0(0),0(0)
46,K리그 1,전북,김태환,23,DF,23469,40,8022,5690,1900,0,7817,,0(0),0(0),0(0),0(0),40(1),0(0),,1000(2),2672(1336),3150(21),1200(30),,1300(26),860(43),1140(19),2040(17),350(7),0(0),,-5800(-5800),6000(15),1700(68),,0(0),0(0),0(0),0(0),,0(0),6600(22),-1500(5),3450(230),-33(11),-700(7),0(0),0(0)
47,K리그 1,제주,김동준,1,GK,23422,0,8340,430,-17325,27590,4387,,0(0),0(0),0(0),0(0),0(0),0(0),,0(0),8040(804),300(1),0(0),,40(2),0(2),390(13),0(0),0(1),0(0),,-24600(-24600),6400(8),875(35),,12800(64),14250(57),540(54),0(0),,0(0),4500(9),-1500(15),3090(206),-3(1),-200(2),0(0),-1500(1)
48,K리그 1,강원,이승원,28,MF,23337,2130,8824,6170,900,0,5313,,1600(1),0(0),0(0),450(3),80(1),0(0),,3000(6),1964(982),3300(22),560(14),,785(23),175(35),1270(32),3390(19),550(28),0(0),,0(0),0(14),900(36),,0(0),0(0),0(0),0(0),,0(0),5400(18),-2700(9),3270(218),-57(19),-600(6),0(0),0(0)
49,K리그 1,강원,이기혁,13,DF,23264,310,6494,11760,1400,0,3300,,0(0),0(0),0(0),150(1),160(4),0(0),,500(1),2774(1387),2700(18),520(13),,1300(26),1020(51),2160(36),2880(24),4400(88),0(0),,-6800(-6800),4800(12),3400(136),,0(0),0(0),0(0),0(0),,0(0),3600(12),-3300(11),3645(243),-45(15),-600(6),0(0),0(0)
50,K리그 1,강원,서민우,4,MF,23205,3050,5060,9065,1450,0,4580,,1600(1),0(0),1000(1),450(3),0(0),0(0),,0(0),2840(1420),2100(14),120(3),,525(15),300(60),1680(42),7020(39),540(27),-1000(1),,0(0),0(13),1450(58),,0(0),0(0),0(0),0(0),,0(0),3600(12),-2400(8),4125(275),-45(15),-700(7),0(0),0(0)
51,K리그 1,서울,루카스,77,FW,22515,12720,5232,3310,425,0,828,,8000(5),0(0),0(0),3600(24),1120(14),0(0),,500(1),782(391),3750(25),200(5),,425(15),150(30),295(8),1980(12),460(34),0(0),,0(0),0(8),425(17),,0(0),0(0),0(0),0(0),,0(0),2700(9),-3300(11),1485(99),-57(19),0(0),0(0),0(0)
52,K리그 1,대전,안톤,98,DF,22419,3580,3564,8950,-100,0,6425,,3200(2),0(0),0(0),300(2),80(2),0(0),,500(1),2574(1287),450(3),40(1),,1450(29),1140(57),1080(18),3480(29),3800(76),-2000(2),,-6800(-6800),3200(8),3500(140),,0(0),0(0),0(0),0(0),,0(0),4800(16),-1500(5),3540(236),-15(5),-400(4),0(0),0(0)
53,K리그 1,대전,유강현,29,FW,22174,12470,5642,3600,200,0,262,,9600(6),0(0),0(0),2550(17),320(4),0(0),,1500(3),462(231),3600(24),80(2),,250(10),95(19),385(11),3300(22),570(57),-1000(1),,0(0),0(9),200(8),,0(0),0(0),0(0),0(0),,0(0),3900(13),-3000(10),1125(75),-63(21),-200(2),0(0),-1500(1)
54,K리그 1,대구,에드가,9,FW,22045,12020,3604,9375,425,0,-3379,,9600(6),0(0),0(0),2100(14),320(4),0(0),,1000(2),504(252),2100(14),0(0),,25(1),45(9),105(3),9000(60),1200(120),-1000(1),,0(0),0(2),425(17),,0(0),0(0),0(0),0(0),,-1500(1),2100(7),-4500(15),945(63),-24(8),-400(4),0(0),0(0)
55,K리그 1,울산,루빅손,17,MF,21837,11540,5976,4180,-1075,0,1216,,8000(5),0(0),1000(1),2100(14),440(6),0(0),,1500(3),1516(758),2400(16),560(14),,985(30),600(57),1055(24),1530(11),1010(36),-1000(1),,-3600(-3600),1200(11),1325(53),,0(0),0(0),0(0),0(0),,0(0),3300(11),-4500(15),2685(179),-69(23),-200(2),0(0),0(0)
56,K리그 1,광주,김경민,1,GK,21749,0,7720,120,-11125,19440,5594,,0(0),0(0),0(0),0(0),0(0),0(0),,0(0),7420(742),300(1),0(0),,0(0),0(1),120(4),0(0),0(0),0(0),,-21000(-21000),8800(11),1075(43),,9400(47),9500(38),540(54),0(0),,-1500(1),6000(12),-1300(13),2700(180),-6(2),-300(3),0(0),0(0)
57,K리그 1,수원FC,이재원,7,MF,21515,5660,4422,7540,1550,0,2343,,3200(2),0(0),1000(1),900(6),560(7),0(0),,0(0),2092(1046),2250(15),80(2),,1505(43),455(91),2320(58),4680(26),580(29),-2000(2),,0(0),0(5),1550(62),,0(0),0(0),0(0),0(0),,0(0),3000(10),-4800(16),4800(320),-57(19),-600(6),0(0),0(0)
58,K리그 1,대구,카이오,4,DF,21182,9650,4648,15800,-6150,0,-2766,,8000(5),0(0),0(0),1650(11),0(0),0(0),,1000(2),2448(1224),1200(8),0(0),,1500(30),1420(71),2100(35),4080(34),6700(134),0(0),,-11600(-11600),400(1),5050(202),,0(0),0(0),0(0),0(0),,0(0),1800(6),-4800(16),3555(237),-21(7),-300(3),0(0),-3000(2)
59,K리그 1,전북,강상윤,13,MF,21048,750,7394,5600,325,0,6979,,0(0),0(0),0(0),750(5),0(0),0(0),,2000(4),1414(707),3300(22),680(17),,840(24),180(36),920(23),3420(19),240(12),0(0),,0(0),0(13),325(13),,0(0),0(0),0(0),0(0),,0(0),6000(20),-1200(4),2430(162),-51(17),-200(2),0(0),0(0)
60,K리그 1,대구,김강산,20,DF,20840,5070,3326,10390,-100,0,2154,,3200(2),0(0),1000(1),750(5),120(3),0(0),,0(0),2376(1188),750(5),200(5),,1300(26),620(31),1800(30),3120(26),3550(71),0(0),,-5200(-5200),2800(7),2300(92),,0(0),0(0),0(0),0(0),,-1500(1),3000(10),-1500(5),2460(164),-6(2),-300(3),0(0),0(0)
61,K리그 1,전북,김영빈,2,DF,20597,200,3960,9180,1500,0,5757,,0(0),0(0),0(0),0(0),200(5),0(0),,500(1),2820(1410),600(4),40(1),,150(3),840(42),1080(18),3360(28),3750(75),0(0),,-5000(-5000),4000(10),2500(100),,0(0),0(0),0(0),0(0),,0(0),5400(18),-900(3),1860(124),-3(1),-600(6),0(0),0(0)
62,K리그 1,안양,야고,10,FW,20539,7830,8562,3155,-175,0,1167,,4800(3),550(1),0(0),2550(17),480(6),-550(1),,3000(6),752(376),4050(27),760(19),,435(14),120(24),300(8),2190(13),110(8),0(0),,-400(-400),0(6),225(9),,0(0),0(0),0(0),0(0),,0(0),3600(12),-4200(14),1815(121),-48(16),0(0),0(0),0(0)
63,K리그 1,강원,신민하,47,DF,20442,2350,2938,9710,2375,0,3069,,1600(1),0(0),0(0),750(5),0(0),0(0),,500(1),2138(1069),300(2),0(0),,400(8),580(29),1920(32),4560(38),3250(65),-1000(1),,-6200(-6200),4800(12),3775(151),,0(0),0(0),0(0),0(0),,0(0),3000(10),-2700(9),3075(205),-6(2),-300(3),0(0),0(0)
64,K리그 1,제주,유인수,17,DF,19800,8650,6168,5810,-25,0,-803,,6400(4),0(0),0(0),2250(15),0(0),0(0),,500(1),1348(674),3600(24),720(18),,385(13),460(68),1265(31),3030(21),670(40),0(0),,-1600(-1600),400(9),1175(47),,0(0),0(0),0(0),0(0),,0(0),3000(10),-4800(16),2760(184),-63(21),-200(2),0(0),-1500(1)
65,K리그 1,포항,어정원,2,DF,19761,2770,8076,7155,-1800,0,3560,,1600(1),0(0),0(0),1050(7),120(3),0(0),,500(1),2346(1173),4350(29),880(22),,790(17),1215(63),1400(24),2340(19),1410(30),0(0),,-7600(-7600),4000(11),1800(72),,0(0),0(0),0(0),0(0),,0(0),4500(15),-3900(13),3420(228),-60(20),-400(4),0(0),0(0)
66,K리그 1,광주,조성권,2,DF,19732,3690,4578,8840,-175,0,2799,,3200(2),0(0),0(0),450(3),40(1),0(0),,500(1),2328(1164),1350(9),400(10),,1050(21),1080(54),1320(22),3240(27),3150(63),-1000(1),,-7200(-7200),4800(12),2225(89),,0(0),0(0),0(0),0(0),,0(0),4200(14),-3900(13),3150(210),-51(17),-600(6),0(0),0(0)
67,K리그 1,강원,이유현,97,MF,19602,2810,5178,6460,1200,0,3954,,1600(1),0(0),0(0),1050(7),160(3),0(0),,500(1),2168(1084),1950(13),560(14),,1295(31),825(69),1960(40),2400(15),980(28),-1000(1),,-2200(-2200),2000(12),1400(56),,0(0),0(0),0(0),0(0),,0(0),3300(11),-2400(8),3405(227),-51(17),-300(3),0(0),0(0)
68,K리그 1,수원FC,윌리안,44,FW,19601,13990,3650,1045,100,0,816,,9600(6),1100(2),1000(1),1650(11),640(8),0(0),,1500(3),260(130),1650(11),240(6),,125(5),50(10),210(6),600(4),60(5),0(0),,0(0),0(4),100(4),,0(0),0(0),0(0),0(0),,0(0),2400(8),-2100(7),855(57),-39(13),-300(3),0(0),0(0)
69,K리그 1,광주,최경록,10,MF,19198,2810,9312,4185,775,0,2116,,1600(1),0(0),0(0),1050(7),160(2),0(0),,2000(4),1512(756),4800(32),1000(25),,410(12),190(38),795(20),2490(14),300(15),0(0),,0(0),0(11),775(31),,0(0),0(0),0(0),0(0),,0(0),3900(13),-3900(13),2355(157),-39(13),-200(2),0(0),0(0)
70,K리그 1,울산,보야니치,6,MF,19121,4650,9946,1700,650,0,2175,,3200(2),0(0),1000(1),450(3),0(0),0(0),,1500(3),2176(1088),5550(37),720(18),,840(24),140(28),400(10),1080(6),240(12),-1000(1),,0(0),0(6),650(26),,0(0),0(0),0(0),0(0),,0(0),2100(7),-3000(10),3090(206),-15(5),0(0),0(0),0(0)
71,K리그 1,울산,김영권,19,DF,19103,340,6192,12360,-2350,0,2561,,0(0),0(0),0(0),300(2),40(1),0(0),,500(1),4002(2001),1650(11),40(1),,550(11),1400(70),2220(37),5040(42),3150(63),0(0),,-9800(-9800),4000(10),3450(138),,0(0),0(0),0(0),0(0),,0(0),3000(10),-4800(16),4785(319),-24(8),-400(4),0(0),0(0)
72,K리그 1,김천,박태준,51,MF,18824,4580,7328,3530,1050,0,2336,,3200(2),0(0),0(0),900(6),480(6),0(0),,1500(3),1918(959),3150(21),760(19),,665(19),205(41),1040(26),1260(7),360(18),0(0),,0(0),0(6),1050(42),,0(0),0(0),0(0),0(0),,0(0),3000(10),-2700(9),2760(184),-24(8),-700(7),0(0),0(0)
73,K리그 1,제주,송주훈,4,DF,18774,2090,3962,14400,-1600,0,-78,,1600(1),0(0),0(0),450(3),40(1),0(0),,500(1),2822(1411),600(4),40(1),,750(15),1540(77),1980(33),4680(39),6450(129),-1000(1),,-9400(-9400),3600(9),4200(168),,0(0),0(0),0(0),0(0),,0(0),3000(10),-5100(17),3840(256),-18(6),-300(3),0(0),-1500(1)
74,K리그 1,전북,이영재,28,MF,18736,5560,4272,2305,425,0,6174,,3200(2),0(0),1000(1),1200(8),160(2),0(0),,500(1),1182(591),1950(13),640(16),,560(16),105(21),560(14),900(5),180(9),0(0),,0(0),0(13),425(17),,0(0),0(0),0(0),0(0),,0(0),5700(19),-1200(4),1680(112),-6(2),0(0),0(0),0(0)
75,K리그 1,강원,이지호,39,FW,18609,8590,3610,5810,250,0,349,,6400(4),0(0),0(0),1950(13),240(3),0(0),,1500(3),520(260),1350(9),240(6),,505(17),105(21),300(8),4560(28),340(21),0(0),,0(0),0(10),250(10),,0(0),0(0),0(0),0(0),,0(0),2100(7),-2700(9),1215(81),-66(22),-200(2),0(0),0(0)
76,K리그 1,대전,주앙 빅토르,77,FW,18591,9390,4630,2330,325,0,1916,,6400(4),0(0),1000(1),1350(9),640(8),0(0),,1000(2),590(295),2400(16),640(16),,325(11),90(18),335(9),1530(9),50(3),0(0),,0(0),0(3),325(13),,0(0),0(0),0(0),0(0),,0(0),2100(7),-1200(4),1140(76),-24(8),-100(1),0(0),0(0)
77,K리그 1,강원,김대원,7,FW,18398,7060,6316,2415,125,0,2482,,3200(2),0(0),1000(1),2700(18),160(2),0(0),,1500(3),1036(518),2700(18),1080(27),,270(10),120(24),515(14),1470(9),40(3),0(0),,0(0),0(15),125(5),,0(0),0(0),0(0),0(0),,0(0),3900(13),-1500(5),1830(122),-48(16),-300(3),-1400(1),0(0)
78,K리그 1,안양,이창용,4,DF,18336,3690,3234,11950,-2175,0,1637,,3200(2),0(0),0(0),450(3),40(1),0(0),,0(0),2704(1352),450(3),80(2),,750(15),1000(50),1380(23),4320(36),4500(90),0(0),,-9000(-9000),2000(6),4825(193),,0(0),0(0),0(0),0(0),,0(0),3900(13),-5100(17),3255(217),-18(6),-400(4),0(0),0(0)
79,K리그 1,대구,라마스,10,FW,18199,8580,7616,2385,550,0,-932,,3200(2),1300(2),1000(1),3000(20),80(1),0(0),,1000(2),2036(1018),3900(26),680(17),,435(13),145(29),775(20),2490(14),540(27),-2000(2),,0(0),0(2),550(22),,0(0),0(0),0(0),0(0),,0(0),1200(4),-4800(16),2895(193),-27(9),-200(2),0(0),0(0)
80,K리그 1,서울,박수일,63,DF,18192,4530,6280,7870,-3350,0,2862,,3200(2),0(0),0(0),1050(7),280(7),0(0),,1000(2),2470(1235),2250(15),560(14),,1050(21),1340(67),1680(28),1800(15),2000(40),0(0),,-9400(-9400),3600(9),2450(98),,0(0),0(0),0(0),0(0),,0(0),3600(12),-3600(12),3195(213),-33(11),-300(3),0(0),0(0)
81,K리그 1,강원,박청효,21,GK,18185,0,4220,-730,-4700,15140,4255,,0(0),0(0),0(0),0(0),0(0),0(0),,0(0),4220(422),0(0),0(0),,0(0),0(0),270(9),0(0),0(0),-1000(1),,-11400(-11400),6400(8),300(12),,5200(26),7750(31),190(19),2000(1),,0(0),3500(7),-300(3),1155(77),0(0),-100(1),0(0),0(0)
82,K리그 1,강원,김건희,16,FW,18139,8900,2460,5005,300,0,1474,,6400(4),550(1),0(0),1950(13),0(0),0(0),,0(0),470(235),1950(13),40(1),,150(6),55(11),140(4),4080(27),580(54),0(0),,0(0),0(8),300(12),,0(0),0(0),0(0),0(0),,0(0),2100(7),-1200(4),795(53),-21(7),-200(2),0(0),0(0)
83,K리그 1,서울,황도윤,41,MF,18093,3120,6450,4750,1150,0,2623,,1600(1),0(0),0(0),1200(8),320(4),0(0),,2000(4),1930(965),2400(16),120(3),,770(22),200(40),1240(31),3060(17),480(24),-1000(1),,0(0),0(9),1150(46),,0(0),0(0),0(0),0(0),,0(0),3300(11),-3900(13),3450(230),-27(9),-200(2),0(0),0(0)
84,K리그 1,제주,김륜성,40,DF,17965,2480,10450,9580,-4025,0,-520,,1600(1),0(0),0(0),600(4),280(7),0(0),,2500(5),2230(1115),4200(28),1520(38),,1700(34),1560(78),2160(36),2160(18),2000(40),0(0),,-9400(-9400),3200(8),2175(87),,0(0),0(0),0(0),0(0),,0(0),3000(10),-5100(17),3540(236),-60(20),-500(5),-1400(1),0(0)
85,K리그 1,인천,김동헌,97,GK,17580,0,4200,560,-5575,14360,4035,,0(0),0(0),0(0),0(0),0(0),0(0),,0(0),3900(390),300(1),0(1),,20(1),0(3),540(18),0(0),0(0),0(0),,-10800(-10800),4800(6),425(17),,4000(20),8000(32),360(36),2000(1),,0(0),3500(7),-600(6),1335(89),0(0),-200(2),0(0),0(0)
86,K리그 1,포항,박승욱,14,DF,17258,2130,4160,7960,-525,0,3533,,1600(1),0(0),0(0),450(3),80(2),0(0),,0(0),3250(1625),750(5),160(4),,1450(29),780(39),1560(26),4920(41),2250(45),-3000(3),,-8200(-8200),4800(12),2875(115),,0(0),0(0),0(0),0(0),,0(0),4200(14),-3900(13),3645(243),-12(4),-400(4),0(0),0(0)
87,K리그 1,안양,김다솔,31,GK,17087,0,7380,-380,-21100,24940,6247,,0(0),0(0),0(0),0(0),0(0),0(0),,0(0),7080(708),300(1),0(0),,20(1),0(0),600(20),0(0),0(0),-1000(1),,-25800(-25800),4000(5),700(28),,11000(55),13250(53),690(69),0(0),,0(0),6500(13),-1600(16),3150(210),-3(1),-300(3),0(0),-1500(1)
88,K리그 1,전북,맹성웅,6,MF,17037,2440,5342,3785,1025,0,4445,,1600(1),0(0),0(0),600(4),240(3),0(0),,1000(2),1712(856),2550(17),80(2),,595(17),150(30),1040(26),1440(8),560(28),0(0),,0(0),0(8),1025(41),,0(0),0(0),0(0),0(0),,0(0),3600(12),-1200(4),2475(165),-30(10),-400(4),0(0),0(0)
89,K리그 1,포항,주닝요,11,FW,17002,6760,5090,3770,225,0,1157,,3200(2),0(0),1000(1),2550(17),560(7),-550(1),,1000(2),600(300),2850(19),640(16),,270(10),120(24),250(7),2880(18),250(19),0(0),,0(0),0(9),225(9),,0(0),0(0),0(0),0(0),,0(0),3300(11),-3000(10),1305(87),-48(16),-400(4),0(0),0(0)
90,K리그 1,대전,김준범,14,MF,17000,6930,3134,3050,600,0,3286,,4800(3),0(0),1000(1),1050(7),80(1),0(0),,500(1),1084(542),1350(9),200(5),,490(14),180(36),600(15),1440(8),340(17),0(0),,0(0),0(5),600(24),,0(0),0(0),0(0),0(0),,0(0),3300(11),-1800(6),2010(134),-24(8),-200(2),0(0),0(0)
91,K리그 1,울산,허율,18,FW,16901,8130,2114,5875,700,0,82,,6400(4),0(0),0(0),1650(11),80(1),0(0),,500(1),374(187),1200(8),40(1),,100(4),80(16),245(7),4800(32),650(65),0(0),,0(0),0(9),700(28),,0(0),0(0),0(0),0(0),,0(0),2400(8),-2700(9),930(62),-48(16),-500(5),0(0),0(0)
92,K리그 1,전북,이승우,11,FW,16835,7090,3532,1930,125,0,4158,,4800(3),550(1),0(0),1500(10),240(3),0(0),,500(1),752(376),1800(12),480(12),,290(10),60(12),290(8),1230(8),60(3),0(0),,0(0),0(8),125(5),,0(0),0(0),0(0),0(0),,0(0),4800(16),-1200(4),1185(79),-27(9),-600(6),0(0),0(0)
93,K리그 1,대전,정재희,27,FW,16676,7180,4584,2215,0,0,2697,,3200(2),0(0),2000(2),1500(10),480(6),0(0),,1000(2),504(252),2400(16),680(17),,150(6),90(15),415(11),1410(9),150(11),0(0),,-200(-200),0(5),200(8),,0(0),0(0),0(0),0(0),,0(0),3000(10),-1800(6),1545(103),-48(16),0(0),0(0),0(0)
94,K리그 1,광주,오후성,77,MF,16490,6140,4606,4330,125,0,1289,,3200(2),1200(2),0(0),1500(10),240(3),0(0),,1500(3),606(303),2100(14),400(10),,375(11),185(28),470(12),2940(17),360(21),0(0),,-600(-600),0(9),725(29),,0(0),0(0),0(0),0(0),,0(0),3600(12),-3900(13),1725(115),-36(12),-100(1),0(0),0(0)
95,K리그 1,울산,조현택,2,DF,16444,5220,5336,6265,-1300,0,923,,3200(2),0(0),1000(1),900(6),120(2),0(0),,1500(3),1256(628),2100(14),480(12),,550(11),810(42),1835(31),1590(13),2480(52),-1000(1),,-6600(-6600),3600(9),1700(68),,0(0),0(0),0(0),0(0),,0(0),3000(10),-4200(14),2250(150),-27(9),-100(1),0(0),0(0)
96,K리그 1,울산,이진현,14,MF,16267,4330,8344,2585,425,0,583,,1600(1),0(0),1000(1),1650(11),80(1),0(0),,1000(2),1834(917),4350(29),1160(29),,350(10),150(30),555(14),1260(7),270(14),0(0),,0(0),0(8),425(17),,0(0),0(0),0(0),0(0),,0(0),1800(6),-3300(11),2325(155),-42(14),-200(2),0(0),0(0)
97,K리그 1,대전,서진수,19,FW,16227,6670,2876,4845,325,0,1511,,3200(2),550(1),1000(1),1200(8),720(9),0(0),,500(1),566(283),1650(11),160(4),,275(11),95(19),455(13),3750(25),270(27),0(0),,0(0),0(6),325(13),,0(0),0(0),0(0),0(0),,0(0),3000(10),-2400(8),1050(70),-39(13),-100(1),0(0),0(0)
98,K리그 1,강원,이광연,1,GK,16220,0,5360,230,-7650,14560,3720,,0(0),0(0),0(0),0(0),0(0),0(0),,1500(1),3560(356),300(1),0(0),,20(1),0(1),210(7),0(0),0(0),0(0),,-13800(-13800),5600(7),550(22),,6000(30),8250(33),310(31),0(0),,0(0),3500(7),-900(9),1320(88),0(0),-200(2),0(0),0(0)
99,K리그 1,강원,강투지,23,DF,15690,340,3122,9820,250,0,2158,,0(0),0(0),0(0),300(2),40(1),0(0),,0(0),2432(1216),450(3),240(6),,900(18),980(49),1020(17),3120(26),3800(76),0(0),,-7800(-7800),4000(10),4050(162),,0(0),0(0),0(0),0(0),,0(0),3300(11),-3300(11),2670(178),-12(4),-500(5),0(0),0(0)
100,K리그 1,대구,정치인,32,FW,15609,9230,3208,3770,700,0,-1299,,4800(3),0(0),2000(2),1950(13),480(6),0(0),,500(1),708(354),1800(12),200(5),,235(9),145(29),350(10),2670(17),370(31),0(0),,0(0),0(1),700(28),,0(0),0(0),0(0),0(0),,0(0),1800(6),-4200(14),1485(99),-84(28),-300(3),0(0),0(0)
101,K리그 1,강원,가브리엘,10,FW,15545,9830,1580,4575,150,0,-590,,6400(4),0(0),1000(1),1950(13),480(6),0(0),,500(1),250(125),750(5),80(2),,125(5),20(4),0(0),3900(26),530(53),0(0),,0(0),0(8),150(6),,0(0),0(0),0(0),0(0),,0(0),2400(8),-3300(11),855(57),-45(15),-500(5),0(0),0(0)
102,K리그 1,제주,이탈로,5,MF,15533,2060,3206,7470,1550,0,1247,,1600(1),0(0),0(0),300(2),160(2),0(0),,0(0),1956(978),1050(7),200(5),,630(18),280(56),1440(36),3240(18),1880(94),0(0),,0(0),0(9),1550(62),,0(0),0(0),0(0),0(0),,0(0),2700(9),-3900(13),3195(213),-48(16),-700(7),0(0),0(0)
103,K리그 1,강원,강준혁,99,DF,15390,460,4130,6540,1225,0,3035,,0(0),0(0),0(0),300(2),160(4),0(0),,500(1),1350(675),1800(12),480(12),,950(19),800(40),2040(34),1800(15),950(19),0(0),,-3800(-3800),4000(10),1025(41),,0(0),0(0),0(0),0(0),,0(0),2700(9),-1800(6),2265(151),-30(10),-100(1),0(0),0(0)
104,K리그 1,강원,이상헌,22,FW,15279,8280,4300,1745,400,0,554,,6400(4),0(0),0(0),1800(12),80(1),0(0),,1000(2),1040(520),2100(14),160(4),,160(6),90(18),225(6),1170(7),100(8),0(0),,0(0),0(11),400(16),,0(0),0(0),0(0),0(0),,0(0),2700(9),-3300(11),1605(107),-51(17),-400(4),0(0),0(0)
105,K리그 1,안양,이태희,32,DF,15269,230,5966,11570,-4450,0,1953,,0(0),0(0),0(0),150(1),80(2),0(0),,500(1),2356(1178),2550(17),560(14),,1300(26),1520(76),2520(42),4080(34),2150(43),0(0),,-8400(-8400),1600(4),2350(94),,0(0),0(0),0(0),0(0),,0(0),3900(13),-4800(16),3525(235),-72(24),-600(6),0(0),0(0)
106,K리그 1,안양,김정현,8,MF,15253,380,3762,7445,1925,0,1741,,0(0),0(0),0(0),300(2),80(1),0(0),,0(0),2102(1051),1500(10),160(4),,1330(38),335(67),1480(37),3420(19),880(44),0(0),,0(0),0(5),1925(77),,0(0),0(0),0(0),0(0),,0(0),2700(9),-3900(13),3810(254),-69(23),-800(8),0(0),0(0)
107,K리그 1,경남,원기종,16,FW,15179,10730,958,905,125,0,2461,,9600(6),0(0),0(0),1050(7),80(1),0(0),,0(0),358(179),600(4),0(0),,145(5),75(15),75(2),450(3),160(13),0(0),,0(0),0(7),125(5),,0(0),0(0),0(0),0(0),,0(0),3600(12),-1500(5),600(40),-39(13),-200(2),0(0),0(0)
108,K리그 1,울산,이청용,27,MF,15174,6560,5190,1380,275,0,1769,,4800(3),550(1),0(0),1050(7),160(2),0(0),,1000(2),1170(585),2700(18),320(8),,50(2),75(15),495(14),600(4),160(13),0(0),,0(0),0(9),275(11),,0(0),0(0),0(0),0(0),,0(0),3000(10),-2700(9),1605(107),-36(12),-100(1),0(0),0(0)
109,K리그 1,대전,이명재,16,DF,15171,4990,7390,2960,-2800,0,2631,,3200(2),0(0),1000(1),750(5),40(1),0(0),,1500(3),1160(580),3450(23),1280(32),,450(9),500(25),900(15),360(3),750(15),0(0),,-4200(-4200),800(2),600(24),,0(0),0(0),0(0),0(0),,0(0),2400(8),-1500(5),1740(116),-9(3),0(0),0(0),0(0)
110,K리그 1,대전,에르난데스,76,FW,14750,6040,3976,1855,250,0,2629,,3200(2),1100(2),0(0),1500(10),240(3),0(0),,1500(3),556(278),1800(12),120(3),,250(10),70(14),385(11),1050(7),100(10),0(0),,0(0),0(5),250(10),,0(0),0(0),0(0),0(0),,0(0),2400(8),-600(2),1065(71),-36(12),-200(2),0(0),0(0)
111,K리그 1,대구,황재원,2,DF,14508,420,11502,11090,-8350,0,-154,,0(0),0(0),0(0),300(2),120(3),0(0),,1000(2),3382(1691),5400(36),1720(43),,2050(41),1050(54),2980(50),2640(22),2370(48),0(0),,-11200(-11200),800(2),2050(82),,0(0),0(0),0(0),0(0),,-1500(1),2100(7),-4800(16),4470(298),-24(8),-400(4),0(0),0(0)
112,K리그 1,광주,박인혁,18,FW,14342,7400,1640,2665,725,0,1912,,4800(3),550(1),0(0),1650(11),400(5),0(0),,0(0),440(220),1200(8),0(0),,325(13),80(16),280(8),2250(15),730(73),-1000(1),,0(0),0(11),725(29),,0(0),0(0),0(0),0(0),,0(0),3600(12),-2400(8),1275(85),-63(21),-500(5),0(0),0(0)
113,K리그 1,대전,이순민,44,MF,14161,160,3536,6270,1450,0,2745,,0(0),0(0),0(0),0(0),160(2),0(0),,500(1),1716(858),1200(8),120(3),,1400(40),250(50),1480(37),2520(14),620(31),0(0),,0(0),0(5),1450(58),,0(0),0(0),0(0),0(0),,0(0),3300(11),-2400(8),3660(244),-15(5),-400(4),-1400(1),0(0)
114,K리그 1,서울,최준,16,DF,13993,2280,5424,6895,-1225,0,619,,1600(1),0(0),0(0),600(4),80(2),0(0),,500(1),2304(1152),2100(14),520(13),,1000(20),1125(57),2360(41),2460(20),950(19),-1000(1),,-7200(-7200),3600(9),2375(95),,0(0),0(0),0(0),0(0),,0(0),2700(9),-3300(11),3255(217),-36(12),-600(6),-1400(1),0(0)
115,K리그 1,대전,강윤성,6,DF,13846,1790,3298,6300,-1500,0,3958,,1600(1),0(0),0(0),150(1),40(1),0(0),,500(1),1918(959),600(4),280(7),,1080(24),600(42),1140(22),2820(20),660(18),0(0),,-4200(-4200),1200(6),1500(60),,0(0),0(0),0(0),0(0),,0(0),3900(13),-1500(5),3270(218),-12(4),-300(3),-1400(1),0(0)
116,K리그 1,포항,김인성,7,FW,13845,6770,3822,2435,-350,0,1168,,4800(3),0(0),0(0),1650(11),320(4),0(0),,1000(2),662(331),1800(12),360(9),,550(18),110(16),285(8),1290(8),200(11),0(0),,-1000(-1000),400(9),250(10),,0(0),0(0),0(0),0(0),,0(0),4200(14),-4200(14),1410(94),-42(14),-200(2),0(0),0(0)
117,K리그 1,대전,김현욱,70,MF,13714,2820,5906,2310,150,0,2528,,0(0),1300(2),0(0),1200(8),320(4),0(0),,1500(3),1026(513),2700(18),680(17),,350(10),60(12),360(9),1440(8),100(5),0(0),,0(0),0(6),150(6),,0(0),0(0),0(0),0(0),,0(0),3600(12),-2100(7),1455(97),-27(9),-400(4),0(0),0(0)
118,K리그 1,서울,둑스,45,FW,13668,8960,2098,2420,300,0,-110,,6400(4),0(0),0(0),2400(16),160(2),0(0),,0(0),558(279),1500(10),40(1),,275(11),55(11),70(2),1650(11),370(37),0(0),,0(0),0(8),300(12),,0(0),0(0),0(0),0(0),,0(0),3000(10),-3600(12),1035(69),-45(15),-500(5),0(0),0(0)
119,K리그 1,강원,김동현,6,MF,13632,1550,4794,4940,1050,0,1298,,0(0),650(1),0(0),900(6),0(0),0(0),,1000(2),1524(762),1950(13),320(8),,385(11),195(39),1440(36),2340(13),580(29),0(0),,0(0),0(7),1050(42),,0(0),0(0),0(0),0(0),,0(0),2100(7),-2700(9),2025(135),-27(9),-100(1),0(0),0(0)
120,K리그 1,서울,이승모,8,MF,13553,2950,3486,4435,1200,0,1482,,1600(1),0(0),0(0),1350(9),0(0),0(0),,0(0),1646(823),1800(12),40(1),,445(13),170(34),1000(25),2220(13),600(30),0(0),,0(0),0(8),1200(48),,0(0),0(0),0(0),0(0),,0(0),3000(10),-3900(13),2700(180),-18(6),-300(3),0(0),0(0)
121,K리그 1,울산,서명관,4,DF,13544,2050,2406,9700,-1850,0,1238,,1600(1),0(0),0(0),450(3),0(0),0(0),,0(0),1956(978),450(3),0(0),,700(14),700(35),2100(35),3000(25),3200(64),0(0),,-6000(-6000),2000(5),2150(86),,0(0),0(0),0(0),0(0),,0(0),2100(7),-2700(9),2250(150),-12(4),-400(4),0(0),0(0)
122,K리그 1,포항,기성용,40,MF,13540,770,7824,1660,650,0,2636,,0(0),0(0),0(0),450(3),320(4),0(0),,1000(2),1934(967),4050(27),840(21),,280(8),120(24),600(15),360(2),300(15),0(0),,0(0),0(10),650(26),,0(0),0(0),0(0),0(0),,0(0),2700(9),-2400(8),2445(163),-9(3),-100(1),0(0),0(0)
123,K리그 1,포항,신광훈,17,DF,13477,150,6076,5810,-1225,0,2666,,0(0),0(0),0(0),150(1),0(0),0(0),,500(1),2396(1198),2700(18),480(12),,710(16),730(44),840(16),3780(28),750(18),-1000(1),,-6200(-6200),3600(12),1375(55),,0(0),0(0),0(0),0(0),,0(0),4500(15),-3900(13),2775(185),-9(3),-700(7),0(0),0(0)
124,K리그 1,대구,김주공,77,FW,13109,7370,2654,2885,-150,0,350,,4800(3),0(0),0(0),2250(15),320(4),0(0),,500(1),604(302),1350(9),200(5),,275(11),85(17),105(3),2250(15),170(17),0(0),,-400(-400),0(3),250(10),,0(0),0(0),0(0),0(0),,0(0),2100(7),-3300(11),1695(113),-45(15),-100(1),0(0),0(0)
125,K리그 1,수원FC,최규백,6,DF,13091,2350,2642,9190,-2550,0,1459,,1600(1),0(0),0(0),750(5),0(0),0(0),,500(1),1542(771),600(4),0(0),,300(6),1180(59),1380(23),1680(14),4650(93),0(0),,-8200(-8200),2000(5),3650(146),,0(0),0(0),0(0),0(0),,0(0),3000(10),-3600(12),2265(151),-6(2),-200(2),0(0),0(0)
126,K리그 1,울산,강상우,13,DF,13031,2240,6446,5930,-3200,0,1615,,1600(1),0(0),0(0),600(4),40(1),0(0),,1000(2),2286(1143),2400(16),760(19),,800(16),960(48),1560(26),2160(18),1450(29),-1000(1),,-8400(-8400),4000(10),1200(48),,0(0),0(0),0(0),0(0),,0(0),3000(10),-3900(13),3045(203),-30(10),-500(5),0(0),0(0)
127,K리그 1,대전,김문환,33,DF,12997,460,4784,4930,-800,0,3623,,0(0),0(0),0(0),300(2),160(4),0(0),,1000(2),1764(882),1500(10),520(13),,800(16),760(38),1860(31),360(3),1150(23),0(0),,-5000(-5000),2800(7),1400(56),,0(0),0(0),0(0),0(0),,0(0),3300(11),-1500(5),2235(149),-12(4),-400(4),0(0),0(0)
128,K리그 1,서울,류재문,29,MF,12972,4800,2968,2860,475,0,1869,,3200(2),0(0),1000(1),600(4),0(0),0(0),,500(1),1268(634),1200(8),0(0),,105(3),115(23),840(21),1260(7),540(27),0(0),,0(0),0(6),475(19),,0(0),0(0),0(0),0(0),,0(0),2100(7),-1800(6),1890(126),-21(7),-300(3),0(0),0(0)
129,K리그 1,안양,김동진,22,DF,12928,0,8910,6130,-2900,0,788,,0(0),0(0),0(0),0(0),0(0),0(0),,2500(5),1690(845),3600(24),1120(28),,950(19),820(41),1260(21),1800(15),1300(26),0(0),,-6000(-6000),1600(4),1500(60),,0(0),0(0),0(0),0(0),,0(0),2700(9),-3300(11),1815(121),-27(9),-400(4),0(0),0(0)
130,K리그 1,서울,강현무,31,GK,12780,0,7550,390,-15675,14020,6495,,0(0),0(0),0(0),0(0),0(0),0(0),,0(0),7250(725),300(1),0(0),,0(0),0(0),390(13),0(0),0(1),0(0),,-24600(-24600),8000(10),925(37),,5800(29),7750(31),470(47),0(0),,0(0),5000(10),-1000(10),2595(173),0(0),-100(1),0(0),0(0)
131,K리그 1,강원,김강국,18,MF,12724,2200,4712,3215,925,0,1672,,1600(1),0(0),0(0),600(4),0(0),0(0),,500(1),1122(561),2250(15),840(21),,175(5),180(36),920(23),1440(8),500(25),0(0),,0(0),0(9),925(37),,0(0),0(0),0(0),0(0),,0(0),2100(7),-2100(7),2190(146),-18(6),-500(5),0(0),0(0)
132,K리그 1,울산,엄원상,11,MF,12706,3890,7186,1020,-200,0,810,,1600(1),0(0),0(0),1650(11),640(8),0(0),,2500(5),856(428),3150(21),680(17),,260(9),170(34),150(4),300(2),140(11),0(0),,-400(-400),0(9),200(8),,0(0),0(0),0(0),0(0),,0(0),2700(9),-3300(11),1455(97),-45(15),0(0),0(0),0(0)
133,K리그 1,강원,송준석,34,DF,12545,750,5426,5010,-275,0,1634,,0(0),0(0),0(0),750(5),0(0),0(0),,500(1),1426(713),2700(18),800(20),,1350(27),840(42),900(15),1320(11),1600(32),-1000(1),,-5400(-5400),3600(9),1525(61),,0(0),0(0),0(0),0(0),,0(0),2100(7),-2100(7),2655(177),-21(7),-1000(10),0(0),0(0)
134,K리그 1,대전,밥신,8,MF,12531,2220,2448,3165,825,0,3873,,1600(1),0(0),0(0),300(2),320(4),0(0),,0(0),1238(619),1050(7),160(4),,560(16),125(25),760(19),1260(7),460(23),0(0),,0(0),0(5),825(33),,0(0),0(0),0(0),0(0),,0(0),2100(7),-600(2),2700(180),-27(9),-300(3),0(0),0(0)
135,K리그 1,안양,채현우,71,FW,12116,8290,1554,1455,950,0,-133,,6400(4),0(0),0(0),1650(11),240(3),0(0),,0(0),724(362),750(5),80(2),,205(7),185(37),565(15),180(1),320(19),0(0),,0(0),0(6),950(38),,0(0),0(0),0(0),0(0),,0(0),3300(11),-4800(16),1815(121),-48(16),-400(4),0(0),0(0)
136,K리그 1,전북,연제운,94,DF,12088,0,1018,2990,3225,0,4855,,0(0),0(0),0(0),0(0),0(0),0(0),,0(0),828(414),150(1),40(1),,250(5),360(18),240(4),1440(12),700(14),0(0),,-2200(-2200),4000(10),1425(57),,0(0),0(0),0(0),0(0),,0(0),4500(15),-300(1),855(57),0(0),-200(2),0(0),0(0)
137,K리그 1,대전,최건주,17,FW,12060,8300,468,1895,325,0,1072,,6400(4),0(0),1000(1),900(6),0(0),0(0),,0(0),278(139),150(1),40(1),,265(9),45(9),185(5),1200(7),200(14),0(0),,0(0),0(3),325(13),,0(0),0(0),0(0),0(0),,0(0),1800(6),-1200(4),705(47),-33(11),-200(2),0(0),0(0)
138,K리그 1,김천,전병관,40,FW,12050,3280,4426,2175,250,0,1919,,1600(1),0(0),0(0),1200(8),480(6),0(0),,2000(4),456(228),1650(11),320(8),,340(12),130(26),245(7),1230(8),230(16),0(0),,0(0),0(6),250(10),,0(0),0(0),0(0),0(0),,0(0),2700(9),-1800(6),1170(78),-51(17),-100(1),0(0),0(0)
139,K리그 1,부천,이주현,31,GK,11920,0,2630,90,-4525,8800,4925,,0(0),0(0),0(0),0(0),0(0),0(0),,0(0),2630(263),0(0),0(0),,0(0),0(2),90(3),0(0),0(0),0(0),,-9000(-9000),4000(5),475(19),,5000(25),3500(14),300(30),0(0),,0(0),4500(9),-200(2),825(55),0(0),-200(2),0(0),0(0)
140,K리그 1,광주,신창무,40,FW,11665,5340,4730,635,-225,0,1185,,3200(2),0(0),0(0),1500(10),640(8),0(0),,1500(3),620(310),2250(15),360(9),,295(11),70(14),260(7),900(6),110(8),-1000(1),,-600(-600),0(8),375(15),,0(0),0(0),0(0),0(0),,0(0),3000(10),-2700(9),1215(81),-30(10),-300(3),0(0),0(0)
141,K리그 1,수원FC,김경민,79,FW,11522,4290,4146,3365,550,0,-829,,1600(1),0(0),0(0),1650(11),1040(13),0(0),,1000(2),496(248),2250(15),400(10),,290(10),135(27),320(9),2250(14),370(26),0(0),,0(0),0(5),550(22),,0(0),0(0),0(0),0(0),,0(0),3900(13),-4500(15),1410(94),-39(13),-100(1),0(0),-1500(1)
142,K리그 1,대구,김정현,44,MF,11431,690,3906,5870,875,0,90,,0(0),0(0),0(0),450(3),240(3),0(0),,500(1),1396(698),1650(11),360(9),,735(21),295(59),1080(27),3240(18),520(26),0(0),,0(0),0(1),875(35),,0(0),0(0),0(0),0(0),,0(0),1500(5),-3300(11),2520(168),-30(10),-600(6),0(0),0(0)
143,K리그 1,포항,강민준,13,DF,11115,230,5314,3270,-575,0,2876,,0(0),0(0),0(0),150(1),80(2),0(0),,1000(2),1264(632),2250(15),800(20),,635(13),885(45),600(10),600(5),550(11),0(0),,-5200(-5200),3600(9),1025(41),,0(0),0(0),0(0),0(0),,0(0),4200(14),-2700(9),1785(119),-9(3),-400(4),0(0),0(0)
144,K리그 1,안양,유키치,70,FW,11041,7290,2266,450,175,0,860,,4800(3),0(0),0(0),2250(15),240(3),0(0),,500(1),256(128),1350(9),160(4),,165(5),70(14),155(4),0(0),60(3),0(0),,0(0),0(1),175(7),,0(0),0(0),0(0),0(0),,0(0),1500(5),-1200(4),675(45),-15(5),-100(1),0(0),0(0)
145,K리그 1,제주,김준하,27,MF,10808,6320,3224,3140,275,0,-2151,,4800(3),0(0),0(0),1200(8),320(4),0(0),,500(1),744(372),1500(10),480(12),,530(20),195(39),535(15),1800(12),80(8),0(0),,0(0),0(8),275(11),,0(0),0(0),0(0),0(0),,0(0),2700(9),-4500(15),1485(99),-36(12),-400(4),-1400(1),0(0)
146,K리그 1,울산,라카바,36,MF,10751,2260,4208,3825,125,0,333,,1600(1),0(0),0(0),1050(7),160(2),-550(1),,1000(2),518(259),2250(15),440(11),,240(8),95(19),300(8),3060(19),130(10),0(0),,0(0),0(7),125(5),,0(0),0(0),0(0),0(0),,0(0),2400(8),-3000(10),1260(84),-27(9),-300(3),0(0),0(0)
147,K리그 1,수원FC,노경호,8,MF,10644,5040,1446,3640,450,0,68,,3200(2),0(0),1000(1),600(4),240(3),0(0),,0(0),696(348),750(5),0(0),,560(16),200(40),1000(25),1620(9),260(13),0(0),,0(0),0(4),450(18),,0(0),0(0),0(0),0(0),,0(0),1800(6),-3300(11),2010(134),-42(14),-400(4),0(0),0(0)
148,K리그 1,수원FC,이현용,5,DF,10430,2500,2334,8700,-3400,0,296,,1600(1),0(0),0(0),900(6),0(0),0(0),,0(0),1734(867),600(4),0(0),,950(19),980(49),1200(20),2520(21),4050(81),-1000(1),,-9200(-9200),1600(4),4200(168),,0(0),0(0),0(0),0(0),,0(0),2400(8),-4500(15),2805(187),-9(3),-400(4),0(0),0(0)
149,K리그 1,수원FC,한찬희,18,MF,10401,1200,3106,2720,800,0,2575,,0(0),0(0),0(0),1200(8),0(0),0(0),,500(1),1396(698),1050(7),160(4),,490(14),130(26),800(20),1080(6),220(11),0(0),,0(0),0(4),800(32),,0(0),0(0),0(0),0(0),,0(0),3000(10),-3300(11),3105(207),-30(10),-200(2),0(0),0(0)
150,K리그 1,대전,하창래,3,DF,10232,450,2340,6680,-450,0,1212,,0(0),0(0),0(0),450(3),0(0),0(0),,0(0),2190(1095),150(1),0(0),,500(10),940(47),1200(20),2040(17),4000(80),-2000(2),,-6000(-6000),2400(6),3150(126),,0(0),0(0),0(0),0(0),,0(0),3000(10),-1800(6),2130(142),-18(6),-700(7),-1400(1),0(0)
151,K리그 1,제주,오재혁,18,MF,10224,2970,5710,2045,250,0,-751,,1600(1),0(0),0(0),1050(7),320(4),0(0),,1500(3),1200(600),2850(19),160(4),,580(18),95(19),400(10),840(5),130(8),0(0),,0(0),0(7),250(10),,0(0),0(0),0(0),0(0),,0(0),2400(8),-4500(15),1470(98),-21(7),-100(1),0(0),0(0)
152,K리그 1,김천,박철우,34,DF,10212,460,3086,5870,-1050,0,1846,,0(0),0(0),0(0),300(2),160(4),0(0),,0(0),1226(613),1500(10),360(9),,875(18),825(42),1880(33),1110(9),1180(26),0(0),,-4200(-4200),2000(5),1150(46),,0(0),0(0),0(0),0(0),,0(0),2400(8),-2100(7),1785(119),-39(13),-200(2),0(0),0(0)
153,K리그 1,안양,김영찬,5,DF,10136,300,1712,7960,-1350,0,1514,,0(0),0(0),0(0),300(2),0(0),0(0),,0(0),1182(591),450(3),80(2),,450(9),760(38),1140(19),2760(23),2850(57),0(0),,-5400(-5400),1600(4),2450(98),,0(0),0(0),0(0),0(0),,0(0),2700(9),-2400(8),1620(108),-6(2),-400(4),0(0),0(0)
154,K리그 1,전북,권창훈,22,MF,10057,530,4422,735,125,0,4245,,0(0),0(0),0(0),450(3),80(1),0(0),,1500(3),442(221),1800(12),680(17),,100(4),85(17),210(5),300(2),40(3),0(0),,-600(-600),400(9),325(13),,0(0),0(0),0(0),0(0),,0(0),4500(15),-1200(4),975(65),-30(10),0(0),0(0),0(0)
155,K리그 1,대구,김현준,45,DF,10036,6440,2868,5050,-5425,0,1103,,4800(3),0(0),1000(1),600(4),40(1),0(0),,500(1),1068(534),900(6),400(10),,600(12),780(39),1260(21),1560(13),1850(37),-1000(1),,-7200(-7200),400(1),1375(55),,0(0),0(0),0(0),0(0),,0(0),1500(5),-2100(7),1815(121),-12(4),-100(1),0(0),0(0)
156,K리그 1,울산,박민서,26,DF,9881,2320,5670,2880,-1900,0,911,,1600(1),0(0),0(0),600(4),120(3),0(0),,500(1),1070(535),3300(22),800(20),,450(9),340(17),480(8),960(8),650(13),0(0),,-4200(-4200),1600(4),700(28),,0(0),0(0),0(0),0(0),,0(0),1200(4),-1500(5),1635(109),-24(8),-400(4),0(0),0(0)
157,K리그 1,수원FC,이지솔,20,DF,9718,2360,1612,9600,-3875,0,21,,1600(1),0(0),0(0),600(4),160(4),0(0),,0(0),1462(731),150(1),0(0),,500(10),940(47),1560(26),3000(25),3600(72),0(0),,-8200(-8200),800(2),3525(141),,0(0),0(0),0(0),0(0),,0(0),2100(7),-3900(13),2445(163),-24(8),-600(6),0(0),0(0)
158,K리그 1,광주,이강현,8,MF,9704,460,3414,3110,900,0,1820,,0(0),0(0),0(0),300(2),160(2),0(0),,500(1),2304(1152),450(3),160(4),,385(11),285(57),920(23),1260(7),260(13),0(0),,0(0),0(11),900(36),,0(0),0(0),0(0),0(0),,0(0),4200(14),-3900(13),3435(229),-15(5),-500(5),-1400(1),0(0)
159,K리그 1,울산,정우영,5,MF,9426,380,3948,2980,525,0,1593,,0(0),0(0),0(0),300(2),80(1),0(0),,500(1),1628(814),1500(10),320(8),,435(12),105(18),820(20),1080(6),540(27),0(0),,-400(-400),0(5),925(37),,0(0),0(0),0(0),0(0),,0(0),2100(7),-1800(6),1605(107),-12(4),-300(3),0(0),0(0)
160,K리그 1,울산,말컹,9,FW,9365,7090,552,3175,150,0,-1602,,4800(3),0(0),1000(1),1050(7),240(3),0(0),,0(0),62(31),450(3),40(1),,0(0),15(3),0(0),3000(20),160(16),0(0),,0(0),0(1),150(6),,0(0),0(0),0(0),0(0),,0(0),300(1),-2100(7),210(14),-12(4),0(0),0(0),0(0)
161,K리그 1,김천,이건희,39,FW,9346,4270,2052,3195,125,0,-296,,3200(2),0(0),0(0),750(5),320(4),0(0),,1000(2),262(131),750(5),40(1),,175(7),30(6),140(4),2700(18),150(15),0(0),,0(0),0(4),125(5),,0(0),0(0),0(0),0(0),,0(0),1200(4),-1800(6),525(35),-21(7),-200(2),0(0),0(0)
162,K리그 1,안양,최규현,16,MF,9343,4730,1684,1810,600,0,519,,3200(2),0(0),1000(1),450(3),80(1),0(0),,0(0),784(392),900(6),0(0),,105(3),85(17),440(11),900(5),280(14),0(0),,0(0),0(3),600(24),,0(0),0(0),0(0),0(0),,0(0),1800(6),-2400(8),1440(96),-21(7),-300(3),0(0),0(0)
163,K리그 1,안양,김보경,24,MF,9231,4730,2642,1570,100,0,189,,3200(2),0(0),1000(1),450(3),80(1),0(0),,0(0),492(246),1950(13),200(5),,210(6),50(10),160(4),1080(6),70(4),0(0),,0(0),0(1),100(4),,0(0),0(0),0(0),0(0),,0(0),2100(7),-3000(10),1110(74),-21(7),0(0),0(0),0(0)
164,K리그 1,수원FC,안준수,23,GK,9207,0,7190,-620,-22800,21890,3547,,0(0),0(0),0(0),0(0),0(0),0(0),,0(0),6590(659),600(2),0(1),,20(1),0(3),360(12),0(0),0(0),-1000(1),,-27600(-27600),4000(5),800(32),,9200(46),8250(33),440(44),4000(2),,0(0),3500(7),-1600(16),2250(150),-3(1),-600(6),0(0),0(0)
165,K리그 1,대구,박대훈,19,FW,9188,5470,1690,3105,75,0,-1152,,3200(2),0(0),0(0),1950(13),320(4),0(0),,0(0),250(125),1200(8),240(6),,260(10),25(5),290(8),2460(16),70(6),0(0),,0(0),0(1),75(3),,0(0),0(0),0(0),0(0),,0(0),1500(5),-3600(12),1005(67),-57(19),0(0),0(0),0(0)
166,K리그 1,포항,조상혁,99,FW,9155,3500,1158,3285,300,0,912,,3200(2),0(0),0(0),300(2),0(0),0(0),,500(1),208(104),450(3),0(0),,25(1),30(6),0(0),2550(17),680(68),0(0),,0(0),0(6),300(12),,0(0),0(0),0(0),0(0),,0(0),3000(10),-2700(9),630(42),-18(6),0(0),0(0),0(0)
167,K리그 1,제주,임채민,26,DF,9005,640,3024,9190,-2750,0,-1099,,0(0),0(0),0(0),600(4),40(1),0(0),,0(0),2534(1267),450(3),40(1),,800(16),1000(50),1140(19),3000(25),3250(65),0(0),,-9400(-9400),2800(7),3850(154),,0(0),0(0),0(0),0(0),,0(0),2700(9),-5100(17),3210(214),-9(3),-400(4),0(0),-1500(1)
168,K리그 1,대전,이준서,25,GK,8965,0,2590,150,-7000,9860,3365,,0(0),0(0),0(0),0(0),0(0),0(0),,0(0),2590(259),0(0),0(0),,0(0),0(0),150(5),0(0),0(0),0(0),,-9000(-9000),1600(2),400(16),,3400(17),6250(25),210(21),0(0),,0(0),3000(6),-400(4),765(51),0(0),0(0),0(0),0(0)
169,K리그 1,수원FC,안드리고,15,MF,8805,1130,6188,180,225,0,1082,,0(0),0(0),0(0),1050(7),80(1),0(0),,1500(3),268(134),3900(26),520(13),,185(7),45(9),140(4),750(5),60(5),-1000(1),,0(0),0(2),225(9),,0(0),0(0),0(0),0(0),,0(0),2400(8),-2100(7),900(60),-18(6),-100(1),0(0),0(0)
170,K리그 1,대구,지오바니,5,FW,8669,5660,1896,565,50,0,498,,3200(2),0(0),1000(1),900(6),560(7),0(0),,0(0),306(153),1350(9),240(6),,140(4),45(9),120(3),180(1),80(5),0(0),,0(0),0(1),50(2),,0(0),0(0),0(0),0(0),,0(0),600(2),-600(2),525(35),-27(9),0(0),0(0),0(0)
171,K리그 1,대전,구텍,9,FW,8582,6550,726,2110,175,0,-979,,4800(3),550(1),0(0),1200(8),0(0),0(0),,0(0),126(63),600(4),0(0),,25(1),15(3),0(0),1650(11),420(42),0(0),,0(0),0(3),175(7),,0(0),0(0),0(0),0(0),,0(0),1800(6),-1500(5),345(23),-24(8),-100(1),0(0),-1500(1)
172,K리그 1,포항,김동진,88,MF,8435,750,3812,2910,625,0,338,,0(0),0(0),0(0),750(5),0(0),0(0),,1000(2),1152(576),1500(10),160(4),,385(11),125(25),880(22),1080(6),440(22),0(0),,0(0),0(4),625(25),,0(0),0(0),0(0),0(0),,0(0),2700(9),-2700(9),1950(130),-12(4),-100(1),0(0),-1500(1)
173,K리그 1,수원FC,김태한,4,DF,8321,380,3590,9100,-3900,0,-849,,0(0),0(0),0(0),300(2),80(2),0(0),,500(1),1680(840),1050(7),360(9),,650(13),1300(65),1380(23),2520(21),4250(85),-1000(1),,-9400(-9400),2000(5),3500(140),,0(0),0(0),0(0),0(0),,-1500(1),2700(9),-4200(14),2775(185),-24(8),-600(6),0(0),0(0)
174,K리그 1,광주,진시우,20,DF,8285,230,2208,5420,1600,0,-1173,,0(0),0(0),0(0),150(1),80(2),0(0),,0(0),1938(969),150(1),120(3),,700(14),860(43),660(11),2400(20),2800(56),-2000(2),,-4800(-4800),3600(9),2800(112),,0(0),0(0),0(0),0(0),,0(0),3000(10),-2700(9),1845(123),-18(6),-500(5),-2800(2),0(0)
175,K리그 1,제주,임창우,23,DF,8215,2470,6098,6670,-4525,0,-2498,,1600(1),0(0),0(0),750(5),120(3),0(0),,1000(2),1508(754),2550(17),1040(26),,650(13),600(30),1540(26),2160(18),2720(55),-1000(1),,-7600(-7600),1600(4),1475(59),,0(0),0(0),0(0),0(0),,0(0),900(3),-4500(15),1620(108),-18(6),-500(5),0(0),0(0)
176,K리그 1,제주,안태현,22,DF,8090,420,4414,6820,-3075,0,-489,,0(0),0(0),0(0),300(2),120(3),0(0),,1000(2),1584(792),1350(9),480(12),,1150(23),980(49),1380(23),2160(18),1150(23),0(0),,-7000(-7000),2400(6),1525(61),,0(0),0(0),0(0),0(0),,0(0),2400(8),-3300(11),2250(150),-39(13),-400(4),-1400(1),0(0)
177,K리그 1,광주,하승운,70,FW,8066,3060,2566,1890,250,0,300,,1600(1),0(0),1000(1),300(2),160(2),0(0),,500(1),576(288),1050(7),440(11),,200(8),70(14),210(6),1350(9),60(5),0(0),,-600(-600),400(8),450(18),,0(0),0(0),0(0),0(0),,0(0),2400(8),-3000(10),1215(81),-15(5),-300(3),0(0),0(0)
178,K리그 1,안양,최성범,11,FW,8036,5110,1962,1900,75,0,-1011,,3200(2),0(0),1000(1),750(5),160(2),0(0),,1000(2),282(141),600(4),80(2),,280(10),60(12),290(8),1260(8),10(1),0(0),,0(0),0(4),75(3),,0(0),0(0),0(0),0(0),,0(0),1800(6),-3300(11),825(55),-36(12),-300(3),0(0),0(0)
179,K리그 1,제주,신상은,19,FW,7908,5780,1250,1120,175,0,-417,,3200(2),0(0),1000(1),1500(10),80(1),0(0),,500(1),220(110),450(3),80(2),,135(5),50(10),215(6),660(4),60(6),0(0),,0(0),0(2),175(7),,0(0),0(0),0(0),0(0),,0(0),1500(5),-2400(8),495(33),-12(4),0(0),0(0),0(0)
180,K리그 1,대전,박규현,2,DF,7896,40,2288,3770,600,0,1198,,0(0),0(0),0(0),0(0),40(1),0(0),,500(1),878(439),750(5),160(4),,250(5),400(20),840(14),1080(9),1200(24),0(0),,-2400(-2400),2000(5),1000(40),,0(0),0(0),0(0),0(0),,0(0),2100(7),-600(2),1410(94),-12(4),-300(3),-1400(1),0(0)
181,K리그 1,강원,박호영,24,DF,7813,0,1186,4580,1325,0,722,,0(0),0(0),0(0),0(0),0(0),0(0),,500(1),686(343),0(0),0(0),,450(10),250(14),540(9),1470(12),1870(63),0(0),,-2200(-2200),2400(8),1125(45),,0(0),0(0),0(0),0(0),,0(0),1500(5),-1500(5),1125(75),-3(1),-400(4),0(0),0(0)
182,K리그 1,안양,한가람,13,MF,7794,2750,942,1650,425,0,2027,,1600(1),0(0),1000(1),150(1),0(0),0(0),,0(0),452(226),450(3),40(1),,175(5),75(15),440(11),900(5),60(3),0(0),,0(0),0(2),425(17),,0(0),0(0),0(0),0(0),,0(0),2100(7),-900(3),945(63),-18(6),-100(1),0(0),0(0)
183,K리그 1,대전,김민덕,26,DF,7701,0,1390,4630,-200,0,1881,,0(0),0(0),0(0),0(0),0(0),0(0),,0(0),1390(695),0(0),0(0),,550(11),480(24),720(12),1080(9),1800(36),0(0),,-4400(-4400),2000(5),2200(88),,0(0),0(0),0(0),0(0),,0(0),3000(10),-2100(7),1590(106),-9(3),-600(6),0(0),0(0)
184,K리그 1,안양,문성우,28,FW,7687,2360,2284,1150,325,0,1568,,1600(1),0(0),0(0),600(4),160(2),0(0),,500(1),424(212),1200(8),160(4),,120(4),60(12),160(4),660(4),150(10),0(0),,0(0),0(3),325(13),,0(0),0(0),0(0),0(0),,0(0),2700(9),-2100(7),1125(75),-57(19),-100(1),0(0),0(0)
185,K리그 1,수원FC,안현범,94,DF,7632,2880,2450,2020,175,0,107,,1600(1),0(0),0(0),1200(8),80(1),0(0),,1000(2),280(140),1050(7),120(3),,100(4),45(9),245(7),1500(10),130(13),0(0),,0(0),0(2),175(7),,0(0),0(0),0(0),0(0),,0(0),2400(8),-2700(9),510(34),-3(1),-100(1),0(0),0(0)
186,K리그 1,대구,정재상,18,FW,7587,4330,2116,2035,300,0,-1194,,3200(2),0(0),0(0),1050(7),80(1),0(0),,500(1),376(188),1200(8),40(1),,175(7),65(13),175(5),1380(9),240(24),0(0),,0(0),0(2),300(12),,0(0),0(0),0(0),0(0),,0(0),2100(7),-3900(13),645(43),-39(13),0(0),0(0),0(0)
187,K리그 1,강원,홍철,33,DF,7315,2940,2348,2250,-1300,0,1077,,1600(1),0(0),1000(1),300(2),40(1),0(0),,0(0),1008(504),900(6),440(11),,450(9),480(24),420(7),600(5),300(6),0(0),,-5000(-5000),3200(8),500(20),,0(0),0(0),0(0),0(0),,0(0),2100(7),-2100(7),1380(92),-3(1),-300(3),0(0),0(0)
188,K리그 1,광주,김진호,23,DF,7314,300,1826,2770,925,0,1493,,0(0),0(0),0(0),300(2),0(0),0(0),,0(0),1076(538),750(5),0(0),,400(8),280(14),480(8),960(8),650(13),0(0),,-2200(-2200),2000(5),1125(45),,0(0),0(0),0(0),0(0),,0(0),1800(6),-900(3),1020(68),-27(9),-400(4),0(0),0(0)
189,K리그 1,울산,윤재석,30,MF,7256,3180,1838,3000,-450,0,-312,,1600(1),0(0),0(0),1500(10),80(1),0(0),,0(0),408(204),1350(9),80(2),,295(10),100(14),315(9),2250(15),40(4),0(0),,-600(-600),0(8),150(6),,0(0),0(0),0(0),0(0),,0(0),3000(10),-3900(13),900(60),-12(4),-300(3),0(0),0(0)
190,K리그 1,울산,이희균,16,MF,7179,2060,4058,955,175,0,-69,,1600(1),0(0),0(0),300(2),160(2),0(0),,500(1),948(474),2250(15),360(9),,120(4),110(22),355(9),330(2),40(2),0(0),,0(0),0(9),175(7),,0(0),0(0),0(0),0(0),,0(0),2100(7),-3300(11),1455(97),-24(8),-300(3),0(0),0(0)
191,K리그 1,울산,정승현,15,DF,7119,300,1272,5790,-275,0,32,,0(0),0(0),0(0),300(2),0(0),0(0),,0(0),1082(541),150(1),40(1),,400(8),400(20),660(11),2280(19),2050(41),0(0),,-3400(-3400),1600(4),1525(61),,0(0),0(0),0(0),0(0),,0(0),900(3),-1800(6),1350(90),-18(6),-400(4),0(0),0(0)
192,K리그 1,포항,한현서,24,DF,7114,0,2490,3190,-650,0,2084,,0(0),0(0),0(0),0(0),0(0),0(0),,500(1),1570(785),300(2),120(3),,600(12),520(26),600(10),1320(11),1150(23),-1000(1),,-5000(-5000),2800(7),1550(62),,0(0),0(0),0(0),0(0),,0(0),3000(10),-2400(8),1605(107),-21(7),-100(1),0(0),0(0)
193,K리그 1,광주,안영규,6,DF,7033,340,1816,2920,50,0,1907,,0(0),0(0),0(0),300(2),40(1),0(0),,500(1),1016(508),300(2),0(0),,300(6),340(17),240(4),840(7),1200(24),0(0),,-3600(-3600),2400(6),1250(50),,0(0),0(0),0(0),0(0),,0(0),2100(7),-1500(5),1410(94),-3(1),-100(1),0(0),0(0)
194,K리그 1,김천,고재현,42,FW,6698,300,2478,1650,525,0,1745,,0(0),0(0),0(0),300(2),0(0),0(0),,0(0),398(199),1800(12),280(7),,70(2),105(15),275(7),870(5),330(16),0(0),,-400(-400),800(4),125(5),,0(0),0(0),0(0),0(0),,0(0),2700(9),-1500(5),660(44),-15(5),-100(1),0(0),0(0)
195,K리그 1,광주,심상민,94,DF,6689,240,2242,3640,-425,0,992,,0(0),0(0),0(0),0(0),240(6),0(0),,0(0),1072(536),1050(7),120(3),,450(9),340(17),780(13),1320(11),750(15),0(0),,-4200(-4200),3200(8),575(23),,0(0),0(0),0(0),0(0),,0(0),2400(8),-2700(9),1410(94),-18(6),-100(1),0(0),0(0)
196,K리그 1,제주,장민규,3,DF,6513,150,2576,6610,-2925,0,102,,0(0),0(0),0(0),150(1),0(0),0(0),,500(1),1586(793),450(3),40(1),,700(14),810(42),860(15),2340(19),2900(61),-1000(1),,-7800(-7800),2800(9),2075(83),,0(0),0(0),0(0),0(0),,0(0),3000(10),-4800(16),2205(147),-3(1),-300(3),0(0),0(0)
197,K리그 1,수원FC,윤빛가람,14,MF,6504,2880,2384,1115,525,0,-400,,1600(1),0(0),0(0),1200(8),80(1),0(0),,0(0),824(412),1200(8),360(9),,140(4),75(15),640(16),180(1),80(4),0(0),,0(0),0(2),525(21),,0(0),0(0),0(0),0(0),,0(0),300(1),-1800(6),1215(81),-15(5),-100(1),0(0),0(0)
198,K리그 1,안양,에두아르도,21,MF,6311,1140,2436,1450,375,0,910,,0(0),0(0),0(0),900(6),240(3),0(0),,0(0),776(388),1500(10),160(4),,460(14),170(34),480(12),1200(7),140(7),-1000(1),,0(0),0(5),375(15),,0(0),0(0),0(0),0(0),,0(0),1800(6),-2400(8),1725(115),-15(5),-200(2),0(0),0(0)
199,K리그 1,서울,박성훈,40,DF,6306,1940,1430,4290,-2125,0,771,,1600(1),0(0),0(0),300(2),40(1),0(0),,0(0),1280(640),150(1),0(0),,350(7),500(25),540(9),1200(10),1700(34),0(0),,-4600(-4600),1200(3),1275(51),,0(0),0(0),0(0),0(0),,0(0),1500(5),-1800(6),1380(92),-9(3),-300(3),0(0),0(0)
200,K리그 1,광주,정지훈,16,FW,6224,2360,2004,2145,25,0,-310,,1600(1),0(0),0(0),600(4),160(2),0(0),,500(1),294(147),1050(7),160(4),,205(7),150(21),280(7),1230(7),280(14),0(0),,-200(-200),0(7),225(9),,0(0),0(0),0(0),0(0),,0(0),2400(8),-3000(10),750(50),-60(20),-400(4),0(0),0(0)
201,K리그 1,안양,권경원,27,DF,6208,450,1876,3920,-200,0,162,,0(0),0(0),0(0),450(3),0(0),0(0),,0(0),1086(543),750(5),40(1),,100(2),340(17),660(11),720(6),2100(42),0(0),,-2800(-2800),400(1),2200(88),,0(0),0(0),0(0),0(0),,0(0),2100(7),-1500(5),1365(91),-3(1),-300(3),0(0),-1500(1)
202,K리그 1,울산,윤종규,24,DF,6093,380,1362,3480,25,0,846,,0(0),0(0),0(0),300(2),80(2),0(0),,0(0),982(491),300(2),80(2),,800(16),520(26),1260(21),1200(10),700(14),-1000(1),,-2400(-2400),1600(4),825(33),,0(0),0(0),0(0),0(0),,0(0),1200(4),-1800(6),1755(117),-9(3),-300(3),0(0),0(0)
203,K리그 1,광주,민상기,39,DF,6025,0,1716,4260,-425,0,474,,0(0),0(0),0(0),0(0),0(0),0(0),,0(0),1296(648),300(2),120(3),,300(6),280(14),420(7),1560(13),1700(34),0(0),,-3600(-3600),1600(4),1575(63),,0(0),0(0),0(0),0(0),,0(0),1500(5),-2100(7),1080(72),-6(2),0(0),0(0),0(0)
204,K리그 1,광주,문민서,88,MF,5989,1280,1448,1490,375,0,1396,,0(0),0(0),0(0),1200(8),80(1),0(0),,0(0),688(344),600(4),160(4),,175(5),105(21),320(8),690(4),200(10),0(0),,0(0),0(11),375(15),,0(0),0(0),0(0),0(0),,0(0),3600(12),-3300(11),1305(87),-9(3),-200(2),0(0),0(0)
205,K리그 1,포항,강현제,18,FW,5954,2210,1208,1335,100,0,1101,,1600(1),0(0),0(0),450(3),160(2),0(0),,500(1),178(89),450(3),80(2),,85(3),40(8),220(6),840(5),150(9),0(0),,0(0),0(4),100(4),,0(0),0(0),0(0),0(0),,0(0),1800(6),-1200(4),510(34),-9(3),0(0),0(0),0(0)
206,K리그 1,김천,박세진,43,MF,5911,1750,1586,1340,-250,0,1485,,1600(1),0(0),0(0),150(1),0(0),0(0),,0(0),336(168),1050(7),200(5),,130(4),40(8),200(5),870(5),100(5),0(0),,-400(-400),0(5),150(6),,0(0),0(0),0(0),0(0),,0(0),2700(9),-1800(6),600(40),-15(5),0(0),0(0),0(0)
206,K리그 1,김천,김현우,48,DF,5911,0,1044,3220,150,0,1497,,0(0),0(0),0(0),0(0),0(0),0(0),,0(0),894(447),150(1),0(0),,100(2),360(18),300(5),960(8),1500(30),0(0),,-2400(-2400),1200(3),1350(54),,0(0),0(0),0(0),0(0),,0(0),1500(5),-900(3),900(60),-3(1),0(0),0(0),0(0)
208,K리그 1,광주,노희동,12,GK,5860,0,910,60,-600,3760,1730,,0(0),0(0),0(0),0(0),0(0),0(0),,0(0),910(91),0(0),0(0),,0(0),0(0),60(2),0(0),0(0),0(0),,-2400(-2400),1600(2),200(8),,1400(7),2250(9),110(11),0(0),,0(0),1500(3),0(0),330(22),0(0),-100(1),0(0),0(0)
209,K리그 1,인천,김건웅,28,MF,5778,150,1990,2725,575,0,338,,0(0),0(0),0(0),150(1),0(0),0(0),,0(0),750(375),1200(8),40(1),,280(8),105(21),600(15),1620(9),120(6),0(0),,0(0),0(4),575(23),,0(0),0(0),0(0),0(0),,0(0),1200(4),-1800(6),1050(70),-12(4),-100(1),0(0),0(0)
210,K리그 1,전북,감보아,5,MF,5713,80,622,2415,775,0,1821,,0(0),0(0),0(0),0(0),80(1),0(0),,0(0),432(216),150(1),40(1),,190(5),95(19),200(5),1620(9),310(11),0(0),,0(0),400(6),375(15),,0(0),0(0),0(0),0(0),,0(0),2100(7),-900(3),930(62),-9(3),-300(3),0(0),0(0)
211,K리그 1,김천,김인균,47,FW,5695,4330,1134,845,-650,0,36,,3200(2),0(0),0(0),1050(7),80(1),0(0),,0(0),144(72),750(5),240(6),,230(8),25(5),220(6),180(1),190(14),0(0),,-800(-800),0(4),150(6),,0(0),0(0),0(0),0(0),,0(0),1800(6),-2100(7),645(43),-9(3),-300(3),0(0),0(0)
212,K리그 1,서울E,오인표,97,DF,5635,340,2594,1960,-1475,0,2216,,0(0),0(0),0(0),300(2),40(1),0(0),,500(1),804(402),1050(7),240(6),,300(6),220(11),420(7),720(6),300(6),0(0),,-3600(-3600),1600(4),525(21),,0(0),0(0),0(0),0(0),,0(0),2100(7),-900(3),1125(75),-9(3),-100(1),0(0),0(0)
213,K리그 1,김천,이정택,35,DF,5541,40,1756,4140,-2275,0,1880,,0(0),0(0),0(0),0(0),40(1),0(0),,0(0),1566(783),150(1),40(1),,400(8),280(14),540(9),1320(11),1600(32),0(0),,-5400(-5400),1200(3),1925(77),,0(0),0(0),0(0),0(0),,0(0),2700(9),-2100(7),1395(93),-15(5),-100(1),0(0),0(0)
214,K리그 1,안양,강지훈,17,MF,5446,380,2914,4150,-1925,0,-73,,0(0),0(0),0(0),300(2),80(2),0(0),,0(0),1054(527),1500(10),360(9),,435(9),645(36),1500(26),360(3),1210(26),0(0),,-4600(-4600),1200(4),1475(59),,0(0),0(0),0(0),0(0),,0(0),1500(5),-3300(11),2145(143),-18(6),-400(4),0(0),0(0)
215,K리그 1,대전,임종은,5,DF,5444,0,1432,3680,-1150,0,1482,,0(0),0(0),0(0),0(0),0(0),0(0),,500(1),782(391),150(1),0(0),,100(2),380(19),300(5),1200(10),1700(34),0(0),,-3600(-3600),800(2),1650(66),,0(0),0(0),0(0),0(0),,0(0),1500(5),-900(3),885(59),-3(1),0(0),0(0),0(0)
216,K리그 1,광주,프리드욘슨,11,FW,5402,3880,42,1405,225,0,-150,,3200(2),0(0),0(0),600(4),80(1),0(0),,0(0),42(21),0(0),0(0),,0(0),35(7),0(0),1050(7),320(32),0(0),,0(0),0(4),225(9),,0(0),0(0),0(0),0(0),,0(0),1200(4),-1500(5),150(10),0(0),0(0),0(0),0(0)
217,K리그 1,대전,오재석,22,DF,5171,0,1232,2770,-450,0,1619,,0(0),0(0),0(0),0(0),0(0),0(0),,500(1),542(271),150(1),40(1),,750(15),500(25),300(5),720(6),500(10),0(0),,-2800(-2800),1600(4),750(30),,0(0),0(0),0(0),0(0),,0(0),1800(6),-900(3),825(55),-6(2),-100(1),0(0),0(0)
218,K리그 1,전북,박재용,16,FW,5084,2350,610,1530,100,0,494,,1600(1),0(0),0(0),750(5),0(0),0(0),,0(0),120(60),450(3),40(1),,25(1),5(1),0(0),1200(8),300(30),0(0),,0(0),0(4),100(4),,0(0),0(0),0(0),0(0),,0(0),1500(5),-1200(4),300(20),-6(2),-100(1),0(0),0(0)
219,K리그 1,수원FC,황재윤,1,GK,5075,0,1510,120,-7425,8770,2100,,0(0),0(0),0(0),0(0),0(0),0(0),,0(0),1510(151),0(0),0(0),,0(0),0(1),120(4),0(0),0(0),0(0),,-8400(-8400),800(1),175(7),,3400(17),3250(13),120(12),2000(1),,0(0),2000(4),-300(3),600(40),0(0),-200(2),0(0),0(0)
220,K리그 1,대전,김현오,90,FW,5053,2060,118,1385,50,0,1440,,1600(1),0(0),0(0),300(2),160(2),0(0),,0(0),118(59),0(0),0(0),,25(1),40(8),150(4),1080(7),90(7),0(0),,0(0),0(2),50(2),,0(0),0(0),0(0),0(0),,0(0),2100(7),-900(3),255(17),-15(5),0(0),0(0),0(0)
221,K리그 1,수원FC,이시영,72,DF,5003,500,3726,4510,-4375,0,642,,0(0),0(0),0(0),300(2),200(5),0(0),,500(1),796(398),1950(13),480(12),,400(8),560(28),1140(19),1560(13),850(17),0(0),,-6400(-6400),800(2),1225(49),,0(0),0(0),0(0),0(0),,0(0),2100(7),-2700(9),1560(104),-18(6),-300(3),0(0),0(0)
222,K리그 1,대구,한종무,30,MF,4957,230,4044,2585,225,0,-2127,,0(0),0(0),0(0),150(1),80(1),0(0),,1000(2),824(412),2100(14),120(3),,365(11),125(25),715(18),1230(7),150(8),0(0),,0(0),0(1),225(9),,0(0),0(0),0(0),0(0),,0(0),1200(4),-4500(15),1530(102),-57(19),-300(3),0(0),0(0)
223,K리그 1,전북,한국영,8,MF,4950,0,664,2825,375,0,1086,,0(0),0(0),0(0),0(0),0(0),0(0),,0(0),514(257),150(1),0(0),,350(10),115(23),720(18),1440(8),200(10),0(0),,0(0),0(6),375(15),,0(0),0(0),0(0),0(0),,0(0),2400(8),-600(2),1095(73),-9(3),-300(3),0(0),-1500(1)
224,K리그 1,대구,장성원,22,DF,4860,3200,3138,3360,-4675,0,-163,,1600(1),0(0),1000(1),600(4),0(0),0(0),,500(1),888(444),1350(9),400(10),,800(16),735(39),695(12),720(6),410(9),0(0),,-6000(-6000),400(1),925(37),,0(0),0(0),0(0),0(0),,0(0),1500(5),-3000(10),1455(97),-18(6),-100(1),0(0),0(0)
225,K리그 1,광주,주세종,80,MF,4650,0,2520,1330,400,0,400,,0(0),0(0),0(0),0(0),0(0),0(0),,0(0),840(420),1200(8),480(12),,140(4),70(14),320(8),720(4),80(4),0(0),,0(0),0(6),400(16),,0(0),0(0),0(0),0(0),,0(0),2100(7),-2700(9),1200(80),0(0),-200(2),0(0),0(0)
226,K리그 1,수원FC,이용,2,DF,4496,40,4712,4890,-4250,0,-896,,0(0),0(0),0(0),0(0),40(1),0(0),,500(1),1552(776),2100(14),560(14),,700(14),560(28),960(16),1920(16),750(15),0(0),,-6600(-6600),1200(3),1150(46),,0(0),0(0),0(0),0(0),,-1500(1),1800(6),-2700(9),1725(115),-21(7),-200(2),0(0),0(0)
227,K리그 1,울산,트로야크,66,DF,4463,300,788,4250,-925,0,50,,0(0),0(0),0(0),300(2),0(0),0(0),,0(0),638(319),150(1),0(0),,350(7),260(13),660(11),1680(14),1300(26),0(0),,-3000(-3000),1200(3),875(35),,0(0),0(0),0(0),0(0),,0(0),600(2),-1500(5),1050(70),0(0),-100(1),0(0),0(0)
228,K리그 1,강원,조진혁,17,FW,4364,3580,80,485,25,0,194,,3200(2),0(0),0(0),300(2),80(1),0(0),,0(0),80(40),0(0),0(0),,85(3),20(4),0(0),330(2),50(3),0(0),,0(0),0(2),25(1),,0(0),0(0),0(0),0(0),,0(0),300(1),-300(1),315(21),-21(7),-100(1),0(0),0(0)
229,K리그 1,전북,최우진,3,DF,4363,40,1802,1290,-225,0,1456,,0(0),0(0),0(0),0(0),40(1),0(0),,500(1),382(191),600(4),320(8),,450(9),160(8),360(6),120(1),200(4),0(0),,-2200(-2200),1600(4),375(15),,0(0),0(0),0(0),0(0),,0(0),1800(6),-900(3),765(51),-9(3),-200(2),0(0),0(0)
230,K리그 1,대전,이준규,73,MF,4330,2050,410,790,100,0,980,,1600(1),0(0),0(0),450(3),0(0),0(0),,0(0),140(70),150(1),120(3),,35(1),35(7),120(3),480(3),120(6),0(0),,0(0),0(4),100(4),,0(0),0(0),0(0),0(0),,0(0),2100(7),-1500(5),495(33),-15(5),-100(1),0(0),0(0)
231,K리그 1,전북,진태호,17,MF,4328,0,906,200,0,0,3222,,0(0),0(0),0(0),0(0),0(0),0(0),,500(1),66(33),300(2),40(1),,25(1),5(1),0(0),150(1),20(2),0(0),,0(0),0(6),0(0),,0(0),0(0),0(0),0(0),,0(0),3300(11),-300(1),225(15),-3(1),0(0),0(0),0(0)
232,K리그 1,포항,김종우,6,MF,4293,530,984,2590,25,0,164,,0(0),0(0),0(0),450(3),80(1),0(0),,0(0),454(227),450(3),80(2),,350(10),20(4),400(10),1800(10),20(1),0(0),,0(0),0(4),25(1),,0(0),0(0),0(0),0(0),,0(0),900(3),-1500(5),870(58),-6(2),-100(1),0(0),0(0)
233,K리그 1,서울,정한민,37,FW,4267,300,368,1675,25,0,1899,,0(0),0(0),0(0),300(2),0(0),0(0),,0(0),138(69),150(1),80(2),,150(6),25(5),70(2),1350(9),80(7),0(0),,0(0),0(5),25(1),,0(0),0(0),0(0),0(0),,0(0),2100(7),-600(2),405(27),-6(2),0(0),0(0),0(0)
234,K리그 1,포항,이동희,3,DF,4250,1750,1344,4010,-1625,0,-1229,,1600(1),0(0),0(0),150(1),0(0),0(0),,0(0),854(427),450(3),40(1),,350(7),280(14),540(9),1440(12),1400(28),0(0),,-4400(-4400),2000(5),775(31),,0(0),0(0),0(0),0(0),,0(0),1800(6),-2100(7),780(52),-9(3),-200(2),0(0),-1500(1)
235,K리그 1,전북,최철순,25,DF,4201,40,1048,1450,-425,0,2088,,0(0),0(0),0(0),0(0),40(1),0(0),,0(0),438(219),450(3),160(4),,150(3),380(19),60(1),360(3),500(10),0(0),,-1800(-1800),800(2),575(23),,0(0),0(0),0(0),0(0),,0(0),1800(6),-300(1),600(40),-12(4),0(0),0(0),0(0)
236,K리그 1,강원,최병찬,96,FW,4162,1980,500,950,100,0,632,,1600(1),0(0),0(0),300(2),80(1),0(0),,0(0),160(80),300(2),40(1),,120(4),40(8),70(2),630(4),90(9),0(0),,0(0),0(5),100(4),,0(0),0(0),0(0),0(0),,0(0),1200(4),-900(3),450(30),-18(6),-100(1),0(0),0(0)
237,K리그 1,서울,클리말라,32,FW,4129,1750,982,670,25,0,702,,1600(1),0(0),0(0),150(1),0(0),0(0),,500(1),32(16),450(3),0(0),,25(1),5(1),0(0),600(4),40(4),0(0),,0(0),0(1),25(1),,0(0),0(0),0(0),0(0),,0(0),600(2),0(0),105(7),-3(1),0(0),0(0),0(0)
238,K리그 1,대구,우주성,55,DF,4106,340,2902,4570,-4275,0,569,,0(0),0(0),0(0),300(2),40(1),0(0),,0(0),1732(866),1050(7),120(3),,600(12),680(34),1200(20),1440(12),1650(33),-1000(1),,-6400(-6400),400(1),1725(69),,0(0),0(0),0(0),0(0),,-1500(1),1200(4),-1500(5),2490(166),-21(7),-100(1),0(0),0(0)
239,K리그 1,대구,정헌택,27,DF,3961,160,1226,2270,-1375,0,1680,,0(0),0(0),0(0),0(0),160(4),0(0),,500(1),456(228),150(1),120(3),,250(5),200(10),600(10),720(6),500(10),0(0),,-2400(-2400),400(1),625(25),,0(0),0(0),0(0),0(0),,0(0),1200(4),0(0),795(53),-15(5),-300(3),0(0),0(0)
240,K리그 1,광주,김한길,22,DF,3938,0,1634,1535,-350,0,1119,,0(0),0(0),0(0),0(0),0(0),0(0),,0(0),684(342),750(5),200(5),,335(7),190(11),420(7),720(6),870(18),-1000(1),,-3200(-3200),2000(5),850(34),,0(0),0(0),0(0),0(0),,0(0),1800(6),-1200(4),840(56),-21(7),-300(3),0(0),0(0)
241,K리그 1,강원,김대우,14,MF,3925,530,1372,1930,725,0,-632,,0(0),0(0),0(0),450(3),80(1),0(0),,0(0),882(441),450(3),40(1),,350(10),180(36),720(18),1260(7),420(21),-1000(1),,0(0),0(7),725(29),,0(0),0(0),0(0),0(0),,0(0),1500(5),-2100(7),1680(112),-12(4),-200(2),0(0),-1500(1)
242,K리그 1,김천,김주찬,37,FW,3919,3060,752,115,25,0,-33,,1600(1),0(0),1000(1),300(2),160(2),0(0),,0(0),112(56),600(4),40(1),,95(3),20(4),0(0),0(0),0(0),0(0),,0(0),0(1),25(1),,0(0),0(0),0(0),0(0),,0(0),600(2),-900(3),270(18),-3(1),0(0),0(0),0(0)
243,K리그 1,대구,박진영,40,DF,3888,150,2574,5610,-3325,0,-1121,,0(0),0(0),0(0),150(1),0(0),0(0),,500(1),1134(567),900(6),40(1),,800(16),620(34),860(15),2580(21),1750(38),-1000(1),,-5200(-5200),400(1),1475(59),,0(0),0(0),0(0),0(0),,0(0),600(2),-3300(11),1785(119),-6(2),-200(2),0(0),0(0)
244,K리그 1,포항,이창우,66,DF,3701,150,1950,450,75,0,1076,,0(0),0(0),0(0),150(1),0(0),0(0),,500(1),310(155),900(6),240(6),,25(1),35(7),120(3),150(1),120(6),0(0),,0(0),0(4),75(3),,0(0),0(0),0(0),0(0),,0(0),1500(5),-900(3),585(39),-9(3),-100(1),0(0),0(0)
245,K리그 1,강원,구본철,70,MF,3500,450,578,1740,150,0,582,,0(0),0(0),0(0),450(3),0(0),0(0),,0(0),278(139),300(2),0(0),,210(6),70(14),240(6),1080(6),140(7),0(0),,0(0),0(6),150(6),,0(0),0(0),0(0),0(0),,0(0),1500(5),-1500(5),585(39),-3(1),0(0),0(0),0(0)
246,K리그 1,광주,강희수,21,MF,3498,1900,622,585,25,0,366,,1600(1),0(0),0(0),300(2),0(0),0(0),,0(0),172(86),450(3),0(0),,175(5),10(2),0(0),360(2),40(2),0(0),,0(0),0(3),25(1),,0(0),0(0),0(0),0(0),,0(0),1200(4),-900(3),375(25),-9(3),-300(3),0(0),0(0)
247,K리그 1,광주,유제호,14,MF,3451,230,916,1305,375,0,625,,0(0),0(0),0(0),150(1),80(1),0(0),,0(0),426(213),450(3),40(1),,35(1),90(18),200(5),900(5),80(4),0(0),,0(0),0(7),375(15),,0(0),0(0),0(0),0(0),,0(0),2100(7),-1800(6),540(36),-15(5),-200(2),0(0),0(0)
248,K리그 1,울산,최석현,96,DF,3434,450,1888,3700,-2850,0,246,,0(0),0(0),0(0),450(3),0(0),0(0),,0(0),868(434),900(6),120(3),,200(4),360(18),780(13),960(8),1400(28),0(0),,-6800(-6800),3200(8),750(30),,0(0),0(0),0(0),0(0),,0(0),2400(8),-3000(10),1155(77),-9(3),-300(3),0(0),0(0)
249,K리그 1,울산,백인우,72,MF,3351,2220,638,1260,100,0,-867,,1600(1),0(0),0(0),300(2),320(4),0(0),,0(0),188(94),450(3),0(0),,70(2),10(2),200(5),900(5),80(4),0(0),,0(0),0(3),100(4),,0(0),0(0),0(0),0(0),,0(0),600(2),-1800(6),360(24),-27(9),0(0),0(0),0(0)
250,K리그 1,울산,김민혁,22,MF,3332,300,1098,3870,625,0,-2561,,0(0),0(0),0(0),300(2),0(0),0(0),,0(0),798(399),300(2),0(0),,280(8),90(18),680(17),1980(11),840(42),0(0),,0(0),0(4),625(25),,0(0),0(0),0(0),0(0),,0(0),1500(5),-2100(7),1545(103),-6(2),-700(7),-2800(2),0(0)
251,K리그 1,김천,김이석,45,MF,3305,1750,628,710,125,0,92,,1600(1),0(0),0(0),150(1),0(0),0(0),,0(0),288(144),300(2),40(1),,35(1),35(7),240(6),360(2),40(2),0(0),,0(0),0(2),125(5),,0(0),0(0),0(0),0(0),,0(0),900(3),-1200(4),495(33),-3(1),-100(1),0(0),0(0)
252,K리그 1,안양,주현우,99,DF,3302,0,848,1325,-200,0,1329,,0(0),0(0),0(0),0(0),0(0),0(0),,0(0),238(119),450(3),160(4),,100(2),225(12),320(6),480(4),200(4),0(0),,-1200(-1200),400(1),600(24),,0(0),0(0),0(0),0(0),,0(0),1200(4),-300(1),435(29),-6(2),0(0),0(0),0(0)
253,K리그 1,안양,김운,19,FW,3272,750,1396,740,150,0,236,,0(0),0(0),0(0),750(5),0(0),0(0),,0(0),266(133),1050(7),80(2),,150(6),40(8),70(2),1050(7),430(43),-1000(1),,0(0),0(4),150(6),,0(0),0(0),0(0),0(0),,0(0),3300(11),-3300(11),660(44),-24(8),-400(4),0(0),0(0)
254,K리그 1,수원FC,이택근,33,DF,3196,2050,1270,1090,-1625,0,411,,1600(1),0(0),0(0),450(3),0(0),0(0),,500(1),280(140),450(3),40(1),,100(2),180(9),120(2),240(2),450(9),0(0),,-2600(-2600),800(2),175(7),,0(0),0(0),0(0),0(0),,0(0),900(3),-1200(4),720(48),-9(3),0(0),0(0),0(0)
255,K리그 1,서울,이한도,20,DF,3159,150,562,2420,-275,0,302,,0(0),0(0),0(0),150(1),0(0),0(0),,0(0),562(281),0(0),0(0),,250(5),100(5),180(3),840(7),1050(21),0(0),,-2000(-2000),800(2),925(37),,0(0),0(0),0(0),0(0),,0(0),600(2),-900(3),705(47),-3(1),-100(1),0(0),0(0)
256,K리그 1,수원FC,정승배,19,FW,3119,2050,1238,935,75,0,-1179,,1600(1),0(0),0(0),450(3),0(0),0(0),,0(0),108(54),1050(7),80(2),,50(2),30(6),75(2),750(5),30(2),0(0),,0(0),0(1),75(3),,0(0),0(0),0(0),0(0),,0(0),1200(4),-2700(9),330(22),-9(3),0(0),0(0),0(0)
257,K리그 1,강원,김도현,27,FW,3088,350,784,1520,-175,0,609,,0(0),0(0),0(0),150(1),200(4),0(0),,0(0),444(222),300(2),40(1),,195(5),155(10),220(4),540(4),410(9),0(0),,-3600(-3600),3200(10),225(9),,0(0),0(0),0(0),0(0),,0(0),2400(8),-2400(8),930(62),-21(7),-300(3),0(0),0(0)
258,K리그 1,서울,천성훈,11,FW,2967,1900,492,695,0,0,-120,,1600(1),0(0),0(0),300(2),0(0),0(0),,0(0),42(21),450(3),0(0),,0(0),5(1),0(0),600(4),90(9),0(0),,0(0),0(1),0(0),,0(0),0(0),0(0),0(0),,0(0),900(3),-1200(4),180(12),0(0),0(0),0(0),0(0)
259,K리그 1,강원,강윤구,8,MF,2955,0,968,80,800,0,1107,,0(0),0(0),0(0),0(0),0(0),0(0),,500(1),128(64),300(2),40(1),,0(0),30(3),40(1),0(0),10(1),0(0),,0(0),800(3),0(0),,0(0),0(0),0(0),0(0),,0(0),900(3),0(0),210(14),-3(1),0(0),0(0),0(0)
260,K리그 1,제주,최병욱,24,FW,2940,390,3418,1520,-450,0,-1938,,0(0),0(0),0(0),150(1),240(3),0(0),,500(1),428(214),2250(15),240(6),,135(5),75(15),140(4),1110(7),60(5),0(0),,-600(-600),0(9),150(6),,0(0),0(0),0(0),0(0),,0(0),2700(9),-3600(12),810(54),-48(16),-300(3),0(0),-1500(1)
261,K리그 1,대구,한태희,31,GK,2932,0,3500,-490,-16125,12720,3327,,0(0),0(0),0(0),0(0),0(0),0(0),,0(0),3500(350),0(0),0(0),,0(0),0(3),510(17),0(0),0(0),-1000(1),,-18000(-18000),800(1),1075(43),,5200(26),7000(28),520(52),0(0),,0(0),2500(5),-600(6),1530(102),-3(1),-100(1),0(0),0(0)
262,K리그 1,수원FC,김재성,28,DF,2876,0,770,2335,-325,0,96,,0(0),0(0),0(0),0(0),0(0),0(0),,0(0),430(215),300(2),40(1),,315(9),90(15),280(7),1260(7),390(18),0(0),,-600(-600),0(3),275(11),,0(0),0(0),0(0),0(0),,0(0),900(3),-1800(6),1005(67),-9(3),0(0),0(0),0(0)
263,K리그 1,부산,리영직,8,DF,2846,150,1306,495,675,0,220,,0(0),0(0),0(0),150(1),0(0),0(0),,0(0),586(293),600(4),120(3),,175(5),80(16),120(3),720(4),400(20),-1000(1),,0(0),0(3),675(27),,0(0),0(0),0(0),0(0),,0(0),1500(5),-2400(8),1335(89),-15(5),-200(2),0(0),0(0)
264,K리그 1,김천,박진성,50,DF,2817,150,1398,2250,-2000,0,1019,,0(0),0(0),0(0),150(1),0(0),0(0),,500(1),368(184),450(3),80(2),,350(7),300(15),480(8),720(6),400(8),0(0),,-3200(-3200),400(1),800(32),,0(0),0(0),0(0),0(0),,0(0),1500(5),-900(3),525(35),-6(2),-100(1),0(0),0(0)
265,K리그 1,부산,최예훈,22,DF,2766,40,1218,2520,-1900,0,888,,0(0),0(0),0(0),0(0),40(1),0(0),,0(0),688(344),450(3),80(2),,400(8),200(10),720(12),600(5),600(12),0(0),,-5200(-5200),2800(7),500(20),,0(0),0(0),0(0),0(0),,0(0),2400(8),-2400(8),900(60),-12(4),0(0),0(0),0(0)
265,K리그 1,포항,아스프로,5,DF,2766,150,356,1270,75,0,915,,0(0),0(0),0(0),150(1),0(0),0(0),,0(0),356(178),0(0),0(0),,100(2),60(3),0(0),360(3),750(15),0(0),,-1000(-1000),400(1),675(27),,0(0),0(0),0(0),0(0),,0(0),600(2),0(0),315(21),0(0),0(0),0(0),0(0)
267,K리그 1,광주,이민기,3,DF,2753,40,704,2050,-375,0,334,,0(0),0(0),0(0),0(0),40(1),0(0),,0(0),474(237),150(1),80(2),,300(6),160(8),300(5),840(7),450(9),0(0),,-2400(-2400),1600(4),425(17),,0(0),0(0),0(0),0(0),,0(0),900(3),-900(3),540(36),-6(2),-200(2),0(0),0(0)
268,K리그 1,울산,문정인,23,GK,2725,0,1090,0,-1325,1740,1220,,0(0),0(0),0(0),0(0),0(0),0(0),,0(0),1090(109),0(0),0(0),,0(0),0(0),0(0),0(0),0(0),0(0),,-3000(-3000),1600(2),75(3),,1200(6),500(2),40(4),0(0),,0(0),1000(2),-200(2),420(28),0(0),0(0),0(0),0(0)
269,K리그 1,수원,박대원,33,DF,2582,340,626,1450,-975,0,1141,,0(0),0(0),0(0),300(2),40(1),0(0),,0(0),286(143),300(2),40(1),,0(0),120(6),180(3),600(5),550(11),0(0),,-2600(-2600),1200(3),425(17),,0(0),0(0),0(0),0(0),,0(0),1800(6),-900(3),450(30),-9(3),-200(2),0(0),0(0)
270,K리그 1,대전,김한서,66,MF,2547,0,560,480,175,0,1332,,0(0),0(0),0(0),0(0),0(0),0(0),,0(0),410(205),150(1),0(0),,105(3),35(7),80(2),180(1),80(4),0(0),,0(0),0(1),175(7),,0(0),0(0),0(0),0(0),,0(0),1800(6),-1200(4),735(49),-3(1),0(0),0(0),0(0)
271,K리그 1,강원,조현태,20,DF,2516,150,56,440,1225,0,645,,0(0),0(0),0(0),150(1),0(0),0(0),,0(0),56(28),0(0),0(0),,0(0),60(3),180(3),0(0),200(4),0(0),,0(0),1200(3),25(1),,0(0),0(0),0(0),0(0),,0(0),600(2),0(0),45(3),0(0),0(0),0(0),0(0)
272,K리그 1,광주,안혁주,30,FW,2372,240,912,85,25,0,1110,,0(0),0(0),0(0),0(0),240(3),0(0),,500(1),72(36),300(2),40(1),,0(0),10(2),75(2),0(0),0(0),0(0),,0(0),0(3),25(1),,0(0),0(0),0(0),0(0),,0(0),1200(4),-300(1),210(14),0(0),0(0),0(0),0(0)
273,K리그 1,대구,카를로스,88,MF,2298,0,448,1925,175,0,-250,,0(0),0(0),0(0),0(0),0(0),0(0),,0(0),298(149),150(1),0(0),,140(4),45(9),80(2),1440(8),220(11),0(0),,0(0),0(1),175(7),,0(0),0(0),0(0),0(0),,0(0),300(1),-900(3),465(31),-15(5),-100(1),0(0),0(0)
274,K리그 1,경남,이찬동,40,MF,2293,0,1832,2305,-800,0,-1044,,0(0),0(0),0(0),0(0),0(0),0(0),,500(1),502(251),750(5),80(2),,245(7),120(12),260(5),1440(9),240(9),0(0),,-1200(-1200),0(1),400(16),,0(0),0(0),0(0),0(0),,0(0),600(2),-2100(7),765(51),-9(3),-300(3),0(0),0(0)
275,K리그 1,수원,황석호,90,DF,2193,190,338,720,150,0,795,,0(0),0(0),0(0),150(1),40(1),0(0),,0(0),338(169),0(0),0(0),,100(2),80(4),120(2),120(1),300(6),0(0),,-400(-400),400(1),150(6),,0(0),0(0),0(0),0(0),,0(0),600(2),0(0),195(13),0(0),0(0),0(0),0(0)
276,K리그 1,수원FC,김도윤,40,MF,2094,1750,52,710,-325,0,-93,,1600(1),0(0),0(0),150(1),0(0),0(0),,0(0),52(26),0(0),0(0),,100(3),45(9),105(3),450(3),10(1),0(0),,-400(-400),0(2),75(3),,0(0),0(0),0(0),0(0),,0(0),1200(4),-1500(5),210(14),-3(1),0(0),0(0),0(0)
277,K리그 1,울산,이재익,28,DF,2027,40,1042,2010,-1050,0,-15,,0(0),0(0),0(0),0(0),40(1),0(0),,0(0),662(331),300(2),80(2),,250(5),180(9),540(9),840(7),1200(24),-1000(1),,-3600(-3600),1600(4),950(38),,0(0),0(0),0(0),0(0),,0(0),1200(4),-1800(6),885(59),0(0),-300(3),0(0),0(0)
278,K리그 1,수원FC,최치웅,30,FW,1927,2050,196,540,75,0,-934,,1600(1),0(0),0(0),450(3),0(0),0(0),,0(0),46(23),150(1),0(0),,0(0),10(2),0(0),300(2),230(23),0(0),,0(0),0(3),75(3),,0(0),0(0),0(0),0(0),,0(0),1200(4),-2100(7),75(5),-9(3),-100(1),0(0),0(0)
279,K리그 1,수원FC,장윤호,34,MF,1710,0,1558,1215,150,0,-1213,,0(0),0(0),0(0),0(0),0(0),0(0),,500(1),108(54),750(5),200(5),,105(3),20(4),280(7),720(4),90(5),0(0),,0(0),0(1),150(6),,0(0),0(0),0(0),0(0),,0(0),0(0),-1500(5),390(26),-3(1),-100(1),0(0),0(0)
280,K리그 1,부산,김찬,55,FW,1698,700,316,340,0,0,342,,0(0),550(1),0(0),150(1),0(0),0(0),,0(0),16(8),300(2),0(0),,0(0),0(0),0(0),300(2),40(4),0(0),,0(0),0(1),0(0),,0(0),0(0),0(0),0(0),,0(0),600(2),-300(1),45(3),-3(1),0(0),0(0),0(0)
281,K리그 1,김천,김태환,36,DF,1572,230,670,2615,-1700,0,-243,,0(0),0(0),0(0),150(1),80(2),0(0),,0(0),480(240),150(1),40(1),,350(7),305(16),370(7),1200(10),390(11),0(0),,-2000(-2000),0(0),300(12),,0(0),0(0),0(0),0(0),,0(0),600(2),-1500(5),660(44),-3(1),0(0),0(0),0(0)
282,K리그 1,강원,브루노,3,DF,1488,150,566,650,-250,0,372,,0(0),0(0),0(0),150(1),0(0),0(0),,0(0),416(208),150(1),0(0),,150(3),160(8),360(6),480(4),500(10),-1000(1),,-1400(-1400),800(2),350(14),,0(0),0(0),0(0),0(0),,0(0),900(3),-600(2),375(25),-3(1),-300(3),0(0),0(0)
283,K리그 1,김천,백종범,31,GK,1480,0,720,30,-1175,1370,535,,0(0),0(0),0(0),0(0),0(0),0(0),,0(0),720(72),0(0),0(0),,0(0),0(0),30(1),0(0),0(0),0(0),,-1200(-1200),0(0),25(1),,600(3),750(3),20(2),0(0),,0(0),500(1),-100(1),135(9),0(0),0(0),0(0),0(0)
284,K리그 1,제주,페드링요,14,FW,1451,80,2000,25,0,0,-654,,0(0),0(0),0(0),0(0),80(1),0(0),,1000(2),90(45),750(5),160(4),,0(0),15(3),0(0),0(0),10(1),0(0),,0(0),0(1),0(0),,0(0),0(0),0(0),0(0),,0(0),600(2),-1500(5),255(17),-9(3),0(0),0(0),0(0)
285,K리그 1,안양,이상용,20,DF,1440,40,40,660,325,0,375,,0(0),0(0),0(0),0(0),40(1),0(0),,0(0),40(20),0(0),0(0),,50(1),120(6),0(0),240(2),250(5),0(0),,-200(-200),400(1),125(5),,0(0),0(0),0(0),0(0),,0(0),300(1),0(0),75(5),0(0),0(0),0(0),0(0)
286,K리그 1,포항,백성동,10,FW,1423,150,308,410,75,0,480,,0(0),0(0),0(0),150(1),0(0),0(0),,0(0),118(59),150(1),40(1),,0(0),30(6),120(3),180(1),80(4),0(0),,0(0),0(3),75(3),,0(0),0(0),0(0),0(0),,0(0),1200(4),-900(3),180(12),0(0),0(0),0(0),0(0)
287,K리그 1,수원FC,서재민,21,MF,1418,190,3122,3740,-5400,0,-234,,0(0),0(0),0(0),150(1),40(1),0(0),,500(1),832(416),1350(9),440(11),,150(3),560(28),960(16),1320(11),750(15),0(0),,-7800(-7800),1200(3),1200(48),,0(0),0(0),0(0),0(0),,0(0),1800(6),-3300(11),1290(86),-24(8),0(0),0(0),0(0)
288,K리그 1,김천,임덕근,52,MF,1407,0,240,810,150,0,207,,0(0),0(0),0(0),0(0),0(0),0(0),,0(0),90(45),150(1),0(0),,105(3),25(5),80(2),540(3),60(3),0(0),,0(0),0(0),150(6),,0(0),0(0),0(0),0(0),,0(0),300(1),-300(1),210(14),-3(1),0(0),0(0),0(0)
289,K리그 1,김천,이찬욱,38,DF,1337,0,630,445,275,0,-13,,0(0),0(0),0(0),0(0),0(0),0(0),,0(0),330(165),300(2),0(0),,105(3),40(8),120(3),0(0),180(9),0(0),,0(0),0(0),275(11),,0(0),0(0),0(0),0(0),,0(0),600(2),-900(3),390(26),-3(1),-100(1),0(0),0(0)
290,K리그 1,안양,황병근,41,GK,1315,0,590,150,-2175,2110,640,,0(0),0(0),0(0),0(0),0(0),0(0),,0(0),590(59),0(0),0(0),,0(0),0(0),150(5),0(0),0(0),0(0),,-3000(-3000),800(1),25(1),,800(4),1250(5),60(6),0(0),,0(0),500(1),-100(1),240(16),0(0),0(0),0(0),0(0)
291,K리그 1,안양,박정훈,15,FW,1312,0,228,865,-75,0,294,,0(0),0(0),0(0),0(0),0(0),0(0),,0(0),78(39),150(1),0(0),,75(2),40(8),100(2),510(3),140(4),0(0),,-200(-200),0(0),125(5),,0(0),0(0),0(0),0(0),,0(0),1200(4),-1200(4),300(20),-6(2),0(0),0(0),0(0)
292,K리그 1,포항,황서웅,70,MF,1297,0,572,955,50,0,-280,,0(0),0(0),0(0),0(0),0(0),0(0),,0(0),232(116),300(2),40(1),,105(3),10(2),240(6),540(3),60(3),0(0),,0(0),0(2),50(2),,0(0),0(0),0(0),0(0),,0(0),1200(4),-1800(6),420(28),0(0),-100(1),0(0),0(0)
293,K리그 1,제주,데닐손,15,FW,1267,2290,130,240,-400,0,-993,,1600(1),0(0),0(0),450(3),240(3),0(0),,0(0),90(45),0(0),40(1),,25(1),10(2),35(1),150(1),20(2),0(0),,-400(-400),0(1),0(0),,0(0),0(0),0(0),0(0),,0(0),300(1),-1500(5),210(14),-3(1),0(0),0(0),0(0)
294,K리그 1,안양,이민수,14,MF,1223,300,426,325,25,0,147,,0(0),0(0),0(0),300(2),0(0),0(0),,0(0),126(63),300(2),0(0),,0(0),35(4),40(1),180(1),70(2),0(0),,-200(-200),0(1),225(9),,0(0),0(0),0(0),0(0),,0(0),900(3),-900(3),150(10),-3(1),0(0),0(0),0(0)
295,K리그 1,서울,손승범,14,FW,1221,150,62,130,50,0,829,,0(0),0(0),0(0),150(1),0(0),0(0),,0(0),62(31),0(0),0(0),,35(1),20(4),35(1),0(0),40(3),0(0),,0(0),0(1),50(2),,0(0),0(0),0(0),0(0),,0(0),900(3),0(0),135(9),-6(2),-200(2),0(0),0(0)
296,K리그 1,김포,김경준,9,FW,1139,230,512,605,50,0,-258,,0(0),0(0),0(0),150(1),80(1),0(0),,0(0),92(46),300(2),120(3),,75(3),35(7),35(1),450(3),10(1),0(0),,0(0),0(3),50(2),,0(0),0(0),0(0),0(0),,0(0),300(1),-900(3),345(23),-3(1),0(0),0(0),0(0)
297,K리그 1,대전,김승대,12,FW,1107,80,26,20,0,0,981,,0(0),0(0),0(0),0(0),80(1),0(0),,0(0),26(13),0(0),0(0),,0(0),0(0),0(0),0(0),20(2),0(0),,0(0),0(2),0(0),,0(0),0(0),0(0),0(0),,0(0),900(3),0(0),90(6),-9(3),0(0),0(0),0(0)
298,K리그 1,제주,안찬기,21,GK,1095,0,1220,90,-6875,5460,1200,,0(0),0(0),0(0),0(0),0(0),0(0),,0(0),1220(122),0(0),0(0),,0(0),0(0),90(3),0(0),0(0),0(0),,-7800(-7800),800(1),125(5),,2400(12),3000(12),60(6),0(0),,0(0),1000(2),-400(4),600(40),0(0),0(0),0(0),0(0)
299,K리그 1,강원,김민준,26,MF,1051,80,1636,215,125,0,-1005,,0(0),0(0),0(0),0(0),80(1),0(0),,500(1),186(93),750(5),200(5),,25(1),25(5),75(2),0(0),90(7),0(0),,0(0),0(2),125(5),,0(0),0(0),0(0),0(0),,0(0),300(1),-1800(6),510(34),-15(5),0(0),0(0),0(0)
300,K리그 1,대구,이진용,26,MF,1013,150,598,680,225,0,-640,,0(0),0(0),0(0),150(1),0(0),0(0),,0(0),258(129),300(2),40(1),,210(6),30(6),200(5),180(1),60(3),0(0),,0(0),0(0),225(9),,0(0),0(0),0(0),0(0),,0(0),0(0),-900(3),360(24),0(0),-100(1),0(0),0(0)
301,K리그 1,대구,홍정운,6,DF,1006,0,494,1830,-1475,0,157,,0(0),0(0),0(0),0(0),0(0),0(0),,0(0),344(172),150(1),0(0),,100(2),200(10),240(4),840(7),450(9),0(0),,-2600(-2600),400(1),725(29),,0(0),0(0),0(0),0(0),,0(0),600(2),-600(2),360(24),-3(1),-200(2),0(0),0(0)
302,K리그 1,김천,이수빈,44,MF,996,80,622,430,125,0,-261,,0(0),0(0),0(0),0(0),80(1),0(0),,0(0),282(141),300(2),40(1),,0(0),30(6),200(5),180(1),20(1),0(0),,0(0),0(0),125(5),,0(0),0(0),0(0),0(0),,0(0),300(1),-900(3),345(23),-6(2),0(0),0(0),0(0)
303,K리그 1,수원FC,조준현,16,MF,969,80,212,245,25,0,407,,0(0),0(0),0(0),0(0),80(1),0(0),,0(0),62(31),150(1),0(0),,0(0),25(5),0(0),180(1),40(2),0(0),,0(0),0(1),25(1),,0(0),0(0),0(0),0(0),,0(0),600(2),-300(1),210(14),-3(1),-100(1),0(0),0(0)
304,K리그 1,포항,완델손,77,DF,937,450,468,415,0,0,-396,,0(0),0(0),0(0),450(3),0(0),0(0),,0(0),128(64),300(2),40(1),,70(2),5(1),120(3),180(1),40(3),0(0),,0(0),0(0),0(0),,0(0),0(0),0(0),0(0),,0(0),0(0),-600(2),210(14),-6(2),0(0),0(0),0(0)
305,K리그 1,서울E,아론,28,DF,922,0,32,20,525,0,345,,0(0),0(0),0(0),0(0),0(0),0(0),,0(0),32(16),0(0),0(0),,0(0),20(1),0(0),0(0),0(0),0(0),,0(0),400(1),125(5),,0(0),0(0),0(0),0(0),,0(0),300(1),0(0),45(3),0(0),0(0),0(0),0(0)
306,K리그 1,김천,김민규,46,DF,915,0,590,1390,-1125,0,60,,0(0),0(0),0(0),0(0),0(0),0(0),,0(0),440(220),150(1),0(0),,100(2),140(7),180(3),720(6),250(5),0(0),,-1600(-1600),0(0),475(19),,0(0),0(0),0(0),0(0),,0(0),600(2),-900(3),360(24),0(0),0(0),0(0),0(0)
307,K리그 1,안양,박종현,6,DF,861,0,344,2045,-1625,0,97,,0(0),0(0),0(0),0(0),0(0),0(0),,0(0),304(152),0(0),40(1),,0(0),195(12),240(4),780(6),830(19),0(0),,-2400(-2400),0(1),775(31),,0(0),0(0),0(0),0(0),,0(0),900(3),-1200(4),600(40),-3(1),-200(2),0(0),0(0)
308,K리그 1,광주,권성윤,27,FW,853,0,56,240,200,0,357,,0(0),0(0),0(0),0(0),0(0),0(0),,0(0),56(28),0(0),0(0),,100(2),20(1),0(0),120(1),0(0),0(0),,-200(-200),400(1),0(0),,0(0),0(0),0(0),0(0),,0(0),300(1),0(0),60(4),-3(1),0(0),0(0),0(0)
309,K리그 1,포항,조성욱,33,DF,850,0,20,190,325,0,315,,0(0),0(0),0(0),0(0),0(0),0(0),,0(0),20(10),0(0),0(0),,0(0),20(1),0(0),120(1),50(1),0(0),,-200(-200),400(1),125(5),,0(0),0(0),0(0),0(0),,0(0),300(1),0(0),15(1),0(0),0(0),0(0),0(0)
310,K리그 1,제주,에반드로,11,FW,843,310,446,450,75,0,-438,,0(0),0(0),0(0),150(1),160(2),0(0),,0(0),66(33),300(2),80(2),,25(1),20(4),35(1),300(2),70(7),0(0),,0(0),0(0),75(3),,0(0),0(0),0(0),0(0),,0(0),300(1),-900(3),165(11),-3(1),0(0),0(0),0(0)
311,K리그 1,제주,김진호,30,MF,828,80,80,770,0,0,-102,,0(0),0(0),0(0),0(0),80(1),0(0),,0(0),80(40),0(0),0(0),,50(2),25(5),75(2),600(4),20(2),0(0),,0(0),0(1),0(0),,0(0),0(0),0(0),0(0),,0(0),300(1),-600(2),210(14),-12(4),0(0),0(0),0(0)
312,K리그 1,대구,권태영,13,FW,824,450,1038,535,50,0,-1249,,0(0),0(0),0(0),450(3),0(0),0(0),,500(1),198(99),300(2),40(1),,120(4),30(6),35(1),300(2),50(4),0(0),,0(0),0(1),50(2),,0(0),0(0),0(0),0(0),,0(0),300(1),-1800(6),360(24),-9(3),-100(1),0(0),0(0)
313,K리그 1,부산,홍욱현,24,DF,765,0,50,-725,450,0,990,,0(0),0(0),0(0),0(0),0(0),0(0),,0(0),50(25),0(0),0(0),,85(2),0(0),0(0),0(0),190(5),-1000(1),,-400(-400),800(3),50(2),,0(0),0(0),0(0),0(0),,0(0),1200(4),-300(1),90(6),0(0),0(0),0(0),0(0)
314,K리그 1,김포,박동진,50,FW,762,150,432,500,225,0,-545,,0(0),0(0),0(0),600(4),0(0),-450(1),,0(0),132(66),300(2),0(0),,25(1),15(3),0(0),300(2),160(16),0(0),,0(0),0(3),225(9),,0(0),0(0),0(0),0(0),,0(0),900(3),-1500(5),270(18),-15(5),-200(2),0(0),0(0)
315,K리그 1,포항,조재훈,12,MF,732,150,42,155,25,0,360,,0(0),0(0),0(0),150(1),0(0),0(0),,0(0),42(21),0(0),0(0),,70(2),10(2),75(2),0(0),0(0),0(0),,0(0),0(1),25(1),,0(0),0(0),0(0),0(0),,0(0),300(1),0(0),60(4),0(0),0(0),0(0),0(0)
316,K리그 1,강원,윤일록,73,FW,718,0,246,1225,-600,0,-153,,0(0),0(0),0(0),0(0),0(0),0(0),,0(0),166(83),0(0),80(2),,135(4),85(11),165(4),780(5),60(2),0(0),,-800(-800),0(2),200(8),,0(0),0(0),0(0),0(0),,0(0),600(2),-1200(4),450(30),-3(1),0(0),0(0),0(0)
317,K리그 1,대구,정현철,47,MF,627,0,290,140,50,0,147,,0(0),0(0),0(0),0(0),0(0),0(0),,0(0),100(50),150(1),40(1),,70(2),10(2),40(1),0(0),20(1),0(0),,0(0),0(0),50(2),,0(0),0(0),0(0),0(0),,0(0),0(0),0(0),150(10),-3(1),0(0),0(0),0(0)
318,K리그 1,안양,김태훈,81,GK,595,0,680,20,-2725,2050,570,,0(0),0(0),0(0),0(0),0(0),0(0),,0(0),680(68),0(0),0(0),,20(1),0(0),0(0),0(0),0(0),0(0),,-3600(-3600),800(1),75(3),,1000(5),1000(4),50(5),0(0),,0(0),500(1),-200(2),270(18),0(0),0(0),0(0),0(0)
319,K리그 1,안양,김지훈,3,DF,547,0,440,640,-925,0,392,,0(0),0(0),0(0),0(0),0(0),0(0),,0(0),100(50),300(2),40(1),,0(0),80(4),60(1),0(0),500(10),0(0),,-2000(-2000),800(2),275(11),,0(0),0(0),0(0),0(0),,0(0),1200(4),-900(3),195(13),-3(1),-100(1),0(0),0(0)
320,K리그 1,서울E,김하준,44,DF,503,0,68,510,-150,0,75,,0(0),0(0),0(0),0(0),0(0),0(0),,0(0),68(34),0(0),0(0),,50(1),20(1),0(0),240(2),200(4),0(0),,-200(-200),0(0),50(2),,0(0),0(0),0(0),0(0),,0(0),0(0),0(0),75(5),0(0),0(0),0(0),0(0)
321,K리그 1,수원FC,이준석,11,FW,501,380,74,410,0,0,-363,,0(0),0(0),0(0),300(2),80(1),0(0),,0(0),74(37),0(0),0(0),,85(3),15(3),0(0),300(2),10(1),0(0),,0(0),0(2),0(0),,0(0),0(0),0(0),0(0),,0(0),300(1),-900(3),240(16),-3(1),0(0),0(0),0(0)
322,K리그 1,포항,이규민,15,FW,497,0,152,0,0,0,345,,0(0),0(0),0(0),0(0),0(0),0(0),,0(0),2(1),150(1),0(0),,0(0),0(0),0(0),0(0),0(0),0(0),,0(0),0(0),0(0),,0(0),0(0),0(0),0(0),,0(0),300(1),0(0),45(3),0(0),0(0),0(0),0(0)
323,K리그 1,서울,바또,28,FW,438,0,206,205,0,0,27,,0(0),0(0),0(0),0(0),0(0),0(0),,0(0),16(8),150(1),40(1),,35(1),10(2),0(0),150(1),10(1),0(0),,0(0),0(2),0(0),,0(0),0(0),0(0),0(0),,0(0),0(0),0(0),30(2),-3(1),0(0),0(0),0(0)
324,K리그 1,포항,이동협,23,DF,405,0,180,260,-350,0,315,,0(0),0(0),0(0),0(0),0(0),0(0),,0(0),30(15),150(1),0(0),,100(2),40(2),120(2),0(0),0(0),0(0),,-400(-400),0(1),50(2),,0(0),0(0),0(0),0(0),,0(0),600(2),-300(1),15(1),0(0),0(0),0(0),0(0)
325,K리그 1,대전,이현식,96,MF,378,0,18,20,25,0,315,,0(0),0(0),0(0),0(0),0(0),0(0),,0(0),18(9),0(0),0(0),,0(0),0(0),0(0),0(0),20(1),0(0),,0(0),0(0),25(1),,0(0),0(0),0(0),0(0),,0(0),300(1),0(0),15(1),0(0),0(0),0(0),0(0)
326,K리그 1,제주,권순호,37,FW,363,0,28,260,0,0,75,,0(0),0(0),0(0),0(0),0(0),0(0),,0(0),28(14),0(0),0(0),,25(1),5(1),70(2),150(1),10(1),0(0),,0(0),0(0),0(0),,0(0),0(0),0(0),0(0),,0(0),300(1),-300(1),75(5),0(0),0(0),0(0),0(0)
327,K리그 1,부천,장시영,27,FW,318,0,8,10,0,0,300,,0(0),0(0),0(0),0(0),0(0),0(0),,0(0),8(4),0(0),0(0),,0(0),10(2),0(0),0(0),0(0),0(0),,0(0),0(2),0(0),,0(0),0(0),0(0),0(0),,0(0),300(1),0(0),0(0),0(0),0(0),0(0),0(0)
328,K리그 1,서울,최철원,21,GK,290,0,1600,60,-7375,5040,965,,0(0),0(0),0(0),0(0),0(0),0(0),,0(0),1600(160),0(0),0(0),,0(0),0(0),60(2),0(0),0(0),0(0),,-8400(-8400),800(1),225(9),,2200(11),2750(11),90(9),0(0),,0(0),1000(2),-400(4),465(31),0(0),-100(1),0(0),0(0)
329,K리그 1,서울,김현덕,15,DF,245,0,0,120,-175,0,300,,0(0),0(0),0(0),0(0),0(0),0(0),,0(0),0(0),0(0),0(0),,0(0),0(0),0(0),120(1),0(0),0(0),,-200(-200),0(0),25(1),,0(0),0(0),0(0),0(0),,0(0),300(1),0(0),0(0),0(0),0(0),0(0),0(0)
330,K리그 1,제주,김정민,6,MF,182,0,472,300,25,0,-615,,0(0),0(0),0(0),0(0),0(0),0(0),,0(0),172(86),300(2),0(0),,70(2),10(2),40(1),180(1),0(0),0(0),,0(0),0(0),25(1),,0(0),0(0),0(0),0(0),,0(0),0(0),-900(3),285(19),0(0),0(0),0(0),0(0)
331,K리그 1,안양,장정우,23,MF,180,0,0,150,0,0,30,,0(0),0(0),0(0),0(0),0(0),0(0),,0(0),0(0),0(0),0(0),,0(0),0(0),0(0),150(1),0(0),0(0),,0(0),0(0),0(0),,0(0),0(0),0(0),0(0),,0(0),0(0),0(0),30(2),0(0),0(0),0(0),0(0)
332,K리그 1,서울,박장한결,88,MF,172,0,42,50,50,0,30,,0(0),0(0),0(0),0(0),0(0),0(0),,0(0),42(21),0(0),0(0),,0(0),10(2),40(1),0(0),0(0),0(0),,0(0),0(0),50(2),,0(0),0(0),0(0),0(0),,0(0),300(1),-300(1),30(2),0(0),0(0),0(0),0(0)
333,K리그 1,수원FC,황인택,13,DF,167,190,786,1060,-875,0,-994,,0(0),0(0),0(0),150(1),40(1),0(0),,0(0),216(108),450(3),120(3),,100(2),160(8),60(1),240(2),500(10),0(0),,-2000(-2000),800(2),325(13),,0(0),0(0),0(0),0(0),,0(0),300(1),-1500(5),315(21),-9(3),-100(1),0(0),0(0)
334,K리그 1,대전,김진야,72,DF,162,40,302,1135,-825,0,-490,,0(0),0(0),0(0),0(0),40(1),0(0),,0(0),152(76),150(1),0(0),,200(4),45(3),120(2),720(6),50(1),0(0),,-1400(-1400),400(3),175(7),,0(0),0(0),0(0),0(0),,0(0),600(2),-1200(4),210(14),0(0),-100(1),0(0),0(0)
335,K리그 1,포항,이헌재,44,MF,151,0,160,0,0,0,-9,,0(0),0(0),0(0),0(0),0(0),0(0),,0(0),10(5),150(1),0(0),,0(0),0(0),0(0),0(0),0(0),0(0),,0(0),0(1),0(0),,0(0),0(0),0(0),0(0),,0(0),300(1),-300(1),0(0),-9(3),0(0),0(0),0(0)
336,K리그 1,포항,홍지우,22,MF,150,0,26,415,0,0,-291,,0(0),0(0),0(0),0(0),0(0),0(0),,0(0),26(13),0(0),0(0),,0(0),15(3),40(1),360(2),0(0),0(0),,0(0),0(0),0(0),,0(0),0(0),0(0),0(0),,0(0),0(0),-300(1),15(1),-6(2),0(0),0(0),0(0)
337,K리그 1,수원FC,최산,47,FW,121,0,16,330,0,0,-225,,0(0),0(0),0(0),0(0),0(0),0(0),,0(0),16(8),0(0),0(0),,0(0),0(0),0(0),330(2),0(0),0(0),,0(0),0(1),0(0),,0(0),0(0),0(0),0(0),,0(0),0(0),-300(1),75(5),0(0),0(0),0(0),0(0)
338,K리그 1,안양,임민혁,26,MF,118,0,664,365,25,0,-936,,0(0),0(0),0(0),0(0),0(0),0(0),,0(0),134(67),450(3),80(2),,0(0),25(5),80(2),180(1),80(4),0(0),,0(0),0(0),25(1),,0(0),0(0),0(0),0(0),,0(0),300(1),-1500(5),270(18),-6(2),0(0),0(0),0(0)
339,K리그 1,제주,지상욱,33,FW,101,80,6,0,0,0,15,,0(0),0(0),0(0),0(0),80(1),0(0),,0(0),6(3),0(0),0(0),,0(0),0(0),0(0),0(0),0(0),0(0),,0(0),0(0),0(0),,0(0),0(0),0(0),0(0),,0(0),0(0),0(0),15(1),0(0),0(0),0(0),0(0)
340,K리그 1,충남아산,황재환,42,MF,89,150,164,15,0,0,-240,,0(0),0(0),0(0),150(1),0(0),0(0),,0(0),14(7),150(1),0(0),,0(0),5(1),0(0),0(0),10(1),0(0),,0(0),0(1),0(0),,0(0),0(0),0(0),0(0),,0(0),0(0),-300(1),60(4),0(0),0(0),0(0),0(0)
341,K리그 1,광주,김윤호,43,FW,64,0,2,0,50,0,12,,0(0),0(0),0(0),0(0),0(0),0(0),,0(0),2(1),0(0),0(0),,0(0),0(0),0(0),0(0),0(0),0(0),,0(0),0(0),50(2),,0(0),0(0),0(0),0(0),,0(0),0(0),0(0),15(1),-3(1),0(0),0(0),0(0)
342,K리그 1,전남,김주엽,71,DF,60,530,232,240,-525,0,-417,,0(0),0(0),0(0),450(3),80(1),0(0),,0(0),82(41),150(1),0(0),,75(2),5(1),0(0),150(1),10(1),0(0),,-600(-600),0(2),75(3),,0(0),0(0),0(0),0(0),,0(0),300(1),-900(3),195(13),-12(4),0(0),0(0),0(0)
343,K리그 1,대구,오승훈,21,GK,57,0,3300,-470,-17150,13420,957,,0(0),0(0),0(0),0(0),0(0),0(0),,0(0),3300(330),0(0),0(0),,20(1),0(0),510(17),0(0),0(0),-1000(1),,-18600(-18600),800(1),650(26),,7800(39),5250(21),370(37),0(0),,0(0),1000(2),-1000(10),1260(84),-3(1),-300(3),0(0),0(0)
344,K리그 1,안양,김민호,2,DF,51,80,14,230,0,0,-273,,0(0),0(0),0(0),0(0),80(1),0(0),,0(0),14(7),0(0),0(0),,0(0),10(2),40(1),180(1),0(0),0(0),,0(0),0(0),0(0),,0(0),0(0),0(0),0(0),,0(0),0(0),-300(1),30(2),-3(1),0(0),0(0),0(0)
345,K리그 1,전남,최한솔,77,MF,44,0,212,550,-500,0,-218,,0(0),0(0),0(0),0(0),0(0),0(0),,0(0),212(106),0(0),0(0),,0(0),120(6),60(1),120(1),250(5),0(0),,-1400(-1400),400(1),500(20),,0(0),0(0),0(0),0(0),,0(0),600(2),-900(3),285(19),-3(1),-200(2),0(0),0(0)
346,K리그 1,안양,임승겸,77,DF,19,0,4,0,0,0,15,,0(0),0(0),0(0),0(0),0(0),0(0),,0(0),4(2),0(0),0(0),,0(0),0(0),0(0),0(0),0(0),0(0),,0(0),0(0),0(0),,0(0),0(0),0(0),0(0),,0(0),0(0),0(0),15(1),0(0),0(0),0(0),0(0)
346,K리그 1,수원FC,박용희,17,FW,19,230,774,835,-725,0,-1095,,0(0),0(0),0(0),150(1),80(1),0(0),,0(0),204(102),450(3),120(3),,110(3),10(2),345(7),300(2),70(3),0(0),,-800(-800),0(1),75(3),,0(0),0(0),0(0),0(0),,0(0),300(1),-1800(6),420(28),-15(5),0(0),0(0),0(0)
348,K리그 1,제주,티아고,7,FW,15,380,36,70,0,0,-471,,0(0),0(0),0(0),300(2),80(1),0(0),,0(0),36(18),0(0),0(0),,25(1),15(3),0(0),0(0),30(2),0(0),,0(0),0(0),0(0),,0(0),0(0),0(0),0(0),,0(0),300(1),-900(3),135(9),-6(2),0(0),0(0),0(0)
349,K리그 1,안양,이윤오,1,GK,-90,0,80,30,-1200,970,30,,0(0),0(0),0(0),0(0),0(0),0(0),,0(0),80(8),0(0),0(0),,0(0),0(0),30(1),0(0),0(0),0(0),,-1200(-1200),0(0),0(0),,200(1),750(3),20(2),0(0),,0(0),0(0),0(0),30(2),0(0),0(0),0(0),0(0)
350,K리그 1,광주,박정인,13,FW,-128,0,220,350,100,0,-798,,0(0),0(0),0(0),0(0),0(0),0(0),,0(0),70(35),150(1),0(0),,25(1),5(1),0(0),300(2),20(2),0(0),,0(0),0(2),100(4),,0(0),0(0),0(0),0(0),,0(0),0(0),-900(3),120(8),-18(6),0(0),0(0),0(0)
351,K리그 1,수원FC,권도영,25,MF,-144,0,36,45,0,0,-225,,0(0),0(0),0(0),0(0),0(0),0(0),,0(0),36(18),0(0),0(0),,0(0),5(1),40(1),0(0),0(0),0(0),,0(0),0(0),0(0),,0(0),0(0),0(0),0(0),,0(0),0(0),-300(1),75(5),0(0),0(0),0(0),0(0)
352,K리그 1,강원,김신진,90,FW,-148,0,28,40,0,0,-216,,0(0),0(0),0(0),0(0),0(0),0(0),,0(0),28(14),0(0),0(0),,0(0),0(0),0(0),0(0),40(4),0(0),,0(0),0(2),0(0),,0(0),0(0),0(0),0(0),,0(0),300(1),-600(2),90(6),-6(2),0(0),0(0),0(0)
353,K리그 1,광주,홍용준,99,MF,-179,0,26,80,0,0,-285,,0(0),0(0),0(0),0(0),0(0),0(0),,0(0),26(13),0(0),0(0),,25(1),0(0),35(1),0(0),20(1),0(0),,0(0),0(0),0(0),,0(0),0(0),0(0),0(0),,0(0),0(0),-300(1),15(1),0(0),0(0),0(0),0(0)
354,K리그 1,강원,진준서,15,FW,-223,0,2,20,25,0,-270,,0(0),0(0),0(0),0(0),0(0),0(0),,0(0),2(1),0(0),0(0),,0(0),10(2),0(0),0(0),10(1),0(0),,0(0),0(1),25(1),,0(0),0(0),0(0),0(0),,0(0),0(0),-300(1),30(2),0(0),0(0),0(0),0(0)
355,K리그 1,포항,박수빈,27,FW,-250,0,6,5,0,0,-261,,0(0),0(0),0(0),0(0),0(0),0(0),,0(0),6(3),0(0),0(0),,0(0),5(1),0(0),0(0),0(0),0(0),,0(0),0(0),0(0),,0(0),0(0),0(0),0(0),,0(0),0(0),-300(1),45(3),-6(2),0(0),0(0),0(0)
356,K리그 1,대구,김민준,33,FW,-262,230,62,740,150,0,-1444,,0(0),0(0),0(0),150(1),80(1),0(0),,0(0),62(31),0(0),0(0),,0(0),25(5),35(1),600(4),80(7),0(0),,0(0),0(0),150(6),,0(0),0(0),0(0),0(0),,0(0),0(0),-1500(5),165(11),-9(3),-100(1),0(0),0(0)
357,K리그 1,강원,김태환,35,MF,-282,0,18,0,0,0,-300,,0(0),0(0),0(0),0(0),0(0),0(0),,0(0),18(9),0(0),0(0),,0(0),0(0),0(0),0(0),0(0),0(0),,0(0),0(0),0(0),,0(0),0(0),0(0),0(0),,0(0),0(0),-300(1),0(0),0(0),0(0),0(0),0(0)
358,K리그 1,대전,이경태,40,GK,-295,0,90,0,-1175,260,530,,0(0),0(0),0(0),0(0),0(0),0(0),,0(0),90(9),0(0),0(0),,0(0),0(0),0(0),0(0),0(0),0(0),,-1200(-1200),0(0),25(1),,0(0),250(1),10(1),0(0),,0(0),500(1),0(0),30(2),0(0),0(0),0(0),0(0)
359,K리그 1,김천,문현호,41,GK,-360,0,670,0,-2400,1360,10,,0(0),0(0),0(0),0(0),0(0),0(0),,0(0),670(67),0(0),0(0),,0(0),0(0),0(0),0(0),0(0),0(0),,-2400(-2400),0(0),0(0),,600(3),750(3),10(1),0(0),,0(0),0(0),-200(2),210(14),0(0),0(0),0(0),0(0)
360,K리그 1,수원,강성진,30,FW,-365,0,366,90,25,0,-846,,0(0),0(0),0(0),0(0),0(0),0(0),,0(0),66(33),300(2),0(0),,0(0),10(2),40(1),0(0),40(2),0(0),,0(0),0(2),25(1),,0(0),0(0),0(0),0(0),,0(0),0(0),-900(3),60(4),-6(2),0(0),0(0),0(0)
361,K리그 1,서울,정태욱,18,DF,-376,0,354,860,-1400,0,-190,,0(0),0(0),0(0),0(0),0(0),0(0),,0(0),204(102),150(1),0(0),,50(1),120(6),60(1),480(4),150(3),0(0),,-1600(-1600),0(0),200(8),,0(0),0(0),0(0),0(0),,0(0),0(0),-300(1),210(14),0(0),-100(1),0(0),0(0)
362,K리그 1,포항,안재준,20,FW,-384,0,32,160,0,0,-576,,0(0),0(0),0(0),0(0),0(0),0(0),,0(0),32(16),0(0),0(0),,0(0),0(0),0(0),150(1),10(1),0(0),,0(0),0(1),0(0),,0(0),0(0),0(0),0(0),,0(0),600(2),-1200(4),30(2),-6(2),0(0),0(0),0(0)
363,K리그 1,대구,전용준,16,FW,-413,0,10,150,0,0,-573,,0(0),0(0),0(0),0(0),0(0),0(0),,0(0),10(5),0(0),0(0),,0(0),0(0),0(0),150(1),0(0),0(0),,0(0),0(0),0(0),,0(0),0(0),0(0),0(0),,0(0),0(0),-600(2),30(2),-3(1),0(0),0(0),0(0)
364,K리그 1,경남,이규백,3,DF,-480,0,10,140,-375,0,-255,,0(0),0(0),0(0),0(0),0(0),0(0),,0(0),10(5),0(0),0(0),,0(0),20(1),0(0),120(1),0(0),0(0),,-400(-400),0(0),25(1),,0(0),0(0),0(0),0(0),,0(0),0(0),-300(1),45(3),0(0),0(0),0(0),0(0)
365,K리그 1,제주,김재우,2,DF,-523,0,252,370,-950,0,-195,,0(0),0(0),0(0),0(0),0(0),0(0),,0(0),22(11),150(1),80(2),,100(2),20(1),0(0),0(0),250(5),0(0),,-2200(-2200),1200(3),50(2),,0(0),0(0),0(0),0(0),,0(0),900(3),-1200(4),105(7),0(0),0(0),0(0),0(0)
366,K리그 1,서울,강주혁,19,FW,-544,0,232,40,75,0,-891,,0(0),0(0),0(0),0(0),0(0),0(0),,0(0),42(21),150(1),40(1),,25(1),5(1),0(0),0(0),10(1),0(0),,0(0),0(0),75(3),,0(0),0(0),0(0),0(0),,0(0),0(0),-900(3),15(1),-6(2),0(0),0(0),0(0)
367,K리그 1,김천,민경현,49,DF,-666,80,544,750,-1725,0,-315,,0(0),0(0),0(0),0(0),80(2),0(0),,0(0),164(82),300(2),80(2),,150(3),80(4),300(5),120(1),100(2),0(0),,-1800(-1800),0(0),75(3),,0(0),0(0),0(0),0(0),,0(0),600(2),-1200(4),285(19),0(0),0(0),0(0),0(0)
368,K리그 1,대구,정우재,3,DF,-707,40,1842,3810,-5325,0,-1074,,0(0),0(0),0(0),0(0),40(1),0(0),,0(0),972(486),750(5),120(3),,350(7),760(38),660(11),840(7),1200(24),0(0),,-6400(-6400),400(1),675(27),,0(0),0(0),0(0),0(0),,0(0),600(2),-3000(10),1335(89),-9(3),0(0),0(0),0(0)
369,K리그 1,대구,이림,38,DF,-817,0,354,475,-725,0,-921,,0(0),0(0),0(0),0(0),0(0),0(0),,0(0),164(82),150(1),40(1),,35(1),75(12),175(4),120(1),70(2),0(0),,-1000(-1000),0(0),275(11),,0(0),0(0),0(0),0(0),,0(0),0(0),-1200(4),285(19),-6(2),0(0),0(0),0(0)
370,K리그 1,광주,김동화,31,GK,-910,0,190,0,-1775,760,-85,,0(0),0(0),0(0),0(0),0(0),0(0),,0(0),190(19),0(0),0(0),,0(0),0(0),0(0),0(0),0(0),0(0),,-1800(-1800),0(0),25(1),,0(0),750(3),10(1),0(0),,0(0),0(0),-100(1),15(1),0(0),0(0),0(0),0(0)
371,K리그 1,전북,츄마시,21,FW,-919,80,36,-890,75,0,-220,,0(0),0(0),0(0),0(0),80(1),0(0),,0(0),36(18),0(0),0(0),,50(2),5(1),35(1),0(0),20(2),-1000(1),,0(0),0(1),75(3),,0(0),0(0),0(0),0(0),,0(0),0(0),-300(1),180(12),0(0),-100(1),0(0),0(0)
372,K리그 1,대구,유지운,70,DF,-1094,0,6,0,-800,0,-300,,0(0),0(0),0(0),0(0),0(0),0(0),,0(0),6(3),0(0),0(0),,0(0),0(0),0(0),0(0),0(0),0(0),,-800(-800),0(0),0(0),,0(0),0(0),0(0),0(0),,0(0),0(0),-300(1),0(0),0(0),0(0),0(0),0(0)
373,K리그 1,대구,조진우,66,DF,-1729,0,386,590,-2100,0,-605,,0(0),0(0),0(0),0(0),0(0),0(0),,0(0),236(118),150(1),0(0),,0(0),40(2),60(1),240(2),250(5),0(0),,-2200(-2200),0(0),100(4),,0(0),0(0),0(0),0(0),,0(0),300(1),-900(3),195(13),0(0),-200(2),0(0),0(0)
374,K리그 1,수원FC,장영우,22,DF,-2101,0,170,-1170,-825,0,-276,,0(0),0(0),0(0),0(0),0(0),0(0),,0(0),170(85),0(0),0(0),,50(1),200(10),240(4),240(2),100(2),-2000(2),,-1400(-1400),400(1),175(7),,0(0),0(0),0(0),0(0),,0(0),300(1),-900(3),330(22),-6(2),0(0),0(0),0(0)
375,K리그 1,대구,박재현,29,DF,-2171,150,332,380,-1800,0,-1233,,0(0),0(0),0(0),150(1),0(0),0(0),,0(0),142(71),150(1),40(1),,0(0),60(3),160(3),120(1),40(2),0(0),,-1800(-1800),0(0),0(0),,0(0),0(0),0(0),0(0),,0(0),300(1),-1800(6),270(18),-3(1),0(0),0(0),0(0)
376,K리그 1,대구,김진혁,7,DF,-2339,300,674,1355,-2800,0,-1868,,0(0),0(0),0(0),300(2),0(0),0(0),,0(0),524(262),150(1),0(0),,50(1),325(17),420(7),960(8),600(12),-1000(1),,-3600(-3600),0(0),800(32),,0(0),0(0),0(0),0(0),,0(0),0(0),-2400(8),735(49),-3(1),-200(2),0(0),0(0)
377,K리그 1,포항,홍성민,80,GK,-2465,0,440,0,-4775,1950,-80,,0(0),0(0),0(0),0(0),0(0),0(0),,0(0),440(44),0(0),0(0),,0(0),0(0),0(0),0(0),0(0),0(0),,-4800(-4800),0(0),25(1),,1200(6),750(3),0(0),0(0),,0(0),0(0),-200(2),120(8),0(0),0(0),0(0),0(0)
378,K리그 1,대구,이원우,15,DF,-2654,0,512,1540,-3625,0,-1081,,0(0),0(0),0(0),0(0),0(0),0(0),,0(0),362(181),150(1),0(0),,150(3),220(11),240(4),480(4),450(9),0(0),,-4000(-4000),0(0),375(15),,0(0),0(0),0(0),0(0),,0(0),300(1),-1800(6),525(35),-6(2),-100(1),0(0),0(0)
379,K리그 1,제주,정운,13,DF,-2746,0,194,1000,-2550,0,-1390,,0(0),0(0),0(0),0(0),0(0),0(0),,0(0),194(97),0(0),0(0),,50(1),80(4),60(1),360(3),450(9),0(0),,-3600(-3600),800(2),250(10),,0(0),0(0),0(0),0(0),,0(0),300(1),-1800(6),210(14),0(0),-100(1),0(0),0(0)
380,K리그 1,포항,윤평국,1,GK,-2840,0,770,60,-4125,470,-15,,0(0),0(0),0(0),0(0),0(0),0(0),,0(0),770(77),0(0),0(0),,0(0),0(0),60(2),0(0),0(0),0(0),,-4200(-4200),0(0),75(3),,200(1),250(1),20(2),0(0),,0(0),0(0),-300(3),285(19),0(0),0(0),0(0),0(0)
381,K리그 1,대구,박만호,51,GK,-3570,0,400,60,-5300,1420,-150,,0(0),0(0),0(0),0(0),0(0),0(0),,0(0),400(40),0(0),0(0),,0(0),0(0),60(2),0(0),0(0),0(0),,-5400(-5400),0(0),100(4),,600(3),750(3),70(7),0(0),,0(0),0(0),-300(3),150(10),0(0),0(0),0(0),0(0)
