Meet_Year,LEAGUE_NAME,Round,Game_id,Game_Datetime,Day,HomeTeam,AwayTeam,HomeRank,AwayRank,Field_Name,Audience_Qty,Weather,Temperature,Humidity
2023,K리그1,1,1,2023-02-25 14:00:00,토,울산,전북,0,0,울산 문수 축구경기장,28039,맑음,7.0,33
2023,K리그1,1,2,2023-02-25 16:30:00,토,서울,인천,0,0,서울 월드컵 경기장,22204,맑음,4.7,25
2023,K리그1,1,3,2023-02-25 16:30:00,토,수원,광주,0,0,수원 월드컵 경기장,10348,맑음,4.9,28
2023,K리그1,1,4,2023-02-26 14:30:00,일,포항,대구,0,0,포항 스틸야드,14089,맑음,10.0,0
2023,K리그1,1,5,2023-02-26 14:00:00,일,제주,수원FC,0,0,제주 월드컵 경기장,8362,맑음,8.0,44
2023,K리그1,1,6,2023-02-26 16:30:00,일,대전,강원,0,0,대전 월드컵 경기장,18590,맑음,8.3,19
2023,K리그1,2,7,2023-03-04 14:00:00,토,인천,대전,9,2,인천 축구 전용경기장,10011,맑음,9.4,62
2023,K리그1,2,8,2023-03-04 14:00:00,토,수원FC,포항,6,1,수원 종합 운동장,7155,맑음,10.0,50
2023,K리그1,2,9,2023-03-04 16:30:00,토,대구,제주,8,6,DGB대구은행파크,10851,흐림,14.0,32
2023,K리그1,2,10,2023-03-05 14:00:00,일,전북,수원,10,11,전주 월드컵 경기장,19660,맑음,15.0,32
2023,K리그1,2,11,2023-03-05 14:00:00,일,강원,울산,12,3,춘천 송암 스포츠타운,6199,맑음,9.4,49
2023,K리그1,2,12,2023-03-05 16:30:00,일,광주,서울,5,3,광주 축구 전용경기장,7357,맑음,16.0,25
2023,K리그1,3,13,2023-03-11 14:00:00,토,수원FC,수원,10,10,수원 종합 운동장,8670,맑음,22.0,20
2023,K리그1,3,14,2023-03-11 14:00:00,토,대전,포항,4,1,대전 월드컵 경기장,8661,맑음,23.7,14
2023,K리그1,3,15,2023-03-11 16:30:00,토,강원,대구,12,8,춘천 송암 스포츠타운,4058,맑음,22.4,20
2023,K리그1,3,16,2023-03-12 14:00:00,일,서울,울산,2,3,서울 월드컵 경기장,20549,비,5.5,94
2023,K리그1,3,17,2023-03-12 16:30:00,일,전북,광주,10,6,전주 월드컵 경기장,8051,비,7.0,82
2023,K리그1,3,18,2023-03-12 16:30:00,일,인천,제주,9,8,인천 축구 전용경기장,6007,흐림,5.5,83
2023,K리그1,4,19,2023-03-18 14:00:00,토,포항,강원,2,12,포항 스틸야드,7514,맑음,13.0,40
2023,K리그1,4,20,2023-03-18 14:00:00,토,광주,인천,8,5,광주 축구 전용경기장,2812,맑음,15.0,26
2023,K리그1,4,21,2023-03-18 16:30:00,토,제주,서울,10,3,제주 월드컵 경기장,7078,맑음,13.0,42
2023,K리그1,4,22,2023-03-19 14:00:00,일,대구,전북,9,7,DGB대구은행파크,12253,맑음,14.0,22
2023,K리그1,4,23,2023-03-19 14:00:00,일,수원,대전,12,5,수원 월드컵 경기장,10442,맑음,11.9,46
2023,K리그1,4,24,2023-03-19 16:30:00,일,울산,수원FC,2,8,울산 문수 축구경기장,15230,맑음,15.6,28
2023,K리그1,5,25,2023-04-01 14:00:00,토,전북,포항,8,4,전주 월드컵 경기장,12767,맑음,23.0,21
2023,K리그1,5,26,2023-04-01 16:30:00,토,인천,대구,7,6,인천 축구 전용경기장,8250,맑음,22.0,30
2023,K리그1,5,27,2023-04-01 16:30:00,토,광주,수원FC,5,9,광주 축구 전용경기장,4535,맑음,24.0,10
2023,K리그1,5,28,2023-04-01 19:00:00,토,대전,서울,3,2,대전 월드컵 경기장,15793,맑음,24.6,12
2023,K리그1,5,29,2023-04-02 14:00:00,일,제주,울산,10,1,제주 월드컵 경기장,7140,맑음,20.7,34
2023,K리그1,5,30,2023-04-02 16:30:00,일,수원,강원,12,11,수원 월드컵 경기장,7428,맑음,23.2,14
2023,K리그1,6,31,2023-04-08 14:00:00,토,울산,수원,1,11,울산 문수 축구경기장,15181,맑음,13.0,19
2023,K리그1,6,32,2023-04-08 16:30:00,토,서울,대구,4,6,서울 월드컵 경기장,45007,맑음,14.6,31
2023,K리그1,6,33,2023-04-08 19:00:00,토,포항,광주,3,5,포항 스틸야드,7062,맑음,13.0,11
2023,K리그1,6,34,2023-04-09 16:30:00,일,전북,인천,8,7,전주 월드컵 경기장,8697,맑음,17.0,27
2023,K리그1,6,35,2023-04-09 19:00:00,일,강원,제주,10,12,춘천 송암 스포츠타운,2581,맑음,17.0,24
2023,K리그1,6,36,2023-04-09 15:00:00,일,수원FC,대전,9,4,수원 종합 운동장,4421,맑음,16.8,38
2023,K리그1,7,37,2023-04-15 14:00:00,토,수원,제주,12,10,수원 월드컵 경기장,5190,비,13.1,92
2023,K리그1,7,38,2023-04-15 16:30:00,토,포항,서울,2,3,포항 스틸야드,9131,비,13.0,91
2023,K리그1,7,39,2023-04-15 19:00:00,토,수원FC,전북,6,7,수원 종합 운동장,9221,맑음,13.5,79
2023,K리그1,7,40,2023-04-16 14:00:00,일,강원,인천,11,10,춘천 송암 스포츠타운,3162,흐림,13.8,53
2023,K리그1,7,41,2023-04-16 16:30:00,일,대전,울산,4,1,대전 월드컵 경기장,16359,맑음,16.8,27
2023,K리그1,7,42,2023-04-16 19:00:00,일,대구,광주,9,6,DGB대구은행파크,7534,흐림,15.8,30
2023,K리그1,8,43,2023-04-22 14:00:00,토,서울,수원,4,12,서울 월드컵 경기장,30186,맑음,19.2,11
2023,K리그1,8,44,2023-04-22 16:30:00,토,울산,포항,1,2,울산 문수 축구경기장,16761,맑음,15.4,34
2023,K리그1,8,45,2023-04-22 16:30:00,토,대구,대전,10,3,DGB대구은행파크,10236,맑음,18.4,25
2023,K리그1,8,46,2023-04-22 19:00:00,토,인천,수원FC,8,6,인천 축구 전용경기장,8215,맑음,20.3,14
2023,K리그1,8,47,2023-04-23 14:00:00,일,광주,강원,5,11,광주 축구 전용경기장,3562,흐림,19.0,43
2023,K리그1,8,48,2023-04-23 16:30:00,일,제주,전북,9,10,제주 월드컵 경기장,10041,흐림,18.1,35
2023,K리그1,9,49,2023-04-25 19:30:00,화,포항,수원,3,12,포항 스틸야드,3080,비,9.0,82
2023,K리그1,9,50,2023-04-25 19:30:00,화,인천,울산,9,1,인천 축구 전용경기장,5326,흐리고 비,11.0,49
2023,K리그1,9,51,2023-04-26 19:00:00,수,강원,서울,11,3,춘천 송암 스포츠타운,3640,맑음,13.3,43
2023,K리그1,9,52,2023-04-26 19:00:00,수,광주,제주,5,10,광주 축구 전용경기장,2143,맑음,11.0,55
2023,K리그1,9,53,2023-04-26 19:30:00,수,전북,대전,7,4,전주 월드컵 경기장,5067,맑음,10.0,58
2023,K리그1,9,54,2023-04-26 19:30:00,수,수원FC,대구,6,8,수원 종합 운동장,1870,맑음,10.6,57
2023,K리그1,10,55,2023-04-29 14:00:00,토,수원FC,서울,6,4,수원 종합 운동장,5806,비,13.0,95
2023,K리그1,10,56,2023-04-29 16:30:00,토,전북,강원,9,11,전주 월드컵 경기장,5685,흐림,14.0,92
2023,K리그1,10,57,2023-04-30 14:00:00,일,대전,제주,4,7,대전 월드컵 경기장,13777,맑음,16.7,51
2023,K리그1,10,58,2023-04-30 15:00:00,일,포항,인천,3,11,포항 스틸야드,9173,맑음,22.0,27
2023,K리그1,10,59,2023-04-30 16:30:00,일,수원,대구,12,8,수원 월드컵 경기장,8883,맑음,18.1,38
2023,K리그1,10,60,2023-04-30 19:00:00,일,울산,광주,1,5,울산 문수 축구경기장,12068,맑음,21.0,40
2023,K리그1,11,61,2023-05-05 14:00:00,금,대구,울산,7,1,DGB대구은행파크,11929,비,19.5,95
2023,K리그1,11,62,2023-05-05 14:00:00,금,서울,전북,2,10,서울 월드컵 경기장,37008,비,19.0,95
2023,K리그1,11,63,2023-05-05 16:30:00,금,인천,수원,9,12,인천 축구 전용경기장,8637,흐리고 비,18.0,96
2023,K리그1,11,64,2023-05-06 14:00:00,토,제주,포항,5,3,제주 월드컵 경기장,5261,흐림,20.4,83
2023,K리그1,11,65,2023-05-06 16:30:00,토,수원FC,강원,8,11,수원 종합 운동장,2749,흐리고 비,12.7,84
2023,K리그1,11,66,2023-05-06 19:00:00,토,광주,대전,6,4,광주 축구 전용경기장,3687,흐림,17.0,90
2023,K리그1,12,67,2023-05-09 19:00:00,화,울산,강원,1,11,울산 문수 축구경기장,5318,맑음,22.0,31
2023,K리그1,12,68,2023-05-09 19:30:00,화,대구,포항,8,3,DGB대구은행파크,6943,맑음,25.8,23
2023,K리그1,12,69,2023-05-09 19:30:00,화,서울,광주,2,7,서울 월드컵 경기장,10236,맑음,20.3,41
2023,K리그1,12,70,2023-05-10 19:30:00,수,제주,인천,5,9,제주 월드컵 경기장,4124,맑음,23.9,31
2023,K리그1,12,71,2023-05-10 19:30:00,수,수원,전북,12,10,수원 월드컵 경기장,7860,맑음,22.7,32
2023,K리그1,12,72,2023-05-10 19:30:00,수,대전,수원FC,4,6,대전 월드컵 경기장,8377,맑음,24.2,24
2023,K리그1,13,73,2023-05-13 14:00:00,토,포항,대전,4,3,포항 스틸야드,7002,맑음,17.0,60
2023,K리그1,13,74,2023-05-13 16:30:00,토,광주,대구,8,9,광주 축구 전용경기장,3622,맑음,23.0,50
2023,K리그1,13,75,2023-05-13 19:00:00,토,강원,수원,11,12,춘천 송암 스포츠타운,5519,흐림,21.8,39
2023,K리그1,13,76,2023-05-14 14:30:00,일,울산,서울,1,2,울산 문수 축구경기장,26004,맑음,23.0,52
2023,K리그1,13,77,2023-05-14 16:30:00,일,인천,전북,10,8,인천 축구 전용경기장,15738,맑음,20.8,45
2023,K리그1,13,78,2023-05-14 19:00:00,일,수원FC,제주,7,5,수원 종합 운동장,3213,맑음,22.1,35
2023,K리그1,14,79,2023-05-20 16:30:00,토,인천,광주,10,9,인천 축구 전용경기장,6663,맑음,21.9,55
2023,K리그1,14,80,2023-05-20 18:00:00,토,서울,제주,2,3,서울 월드컵 경기장,20338,맑음,24.0,52
2023,K리그1,14,81,2023-05-20 19:00:00,토,대전,대구,5,6,대전 월드컵 경기장,14275,맑음,26.0,49
2023,K리그1,14,82,2023-05-21 16:30:00,일,강원,포항,11,4,춘천 송암 스포츠타운,3495,맑음,23.5,38
2023,K리그1,14,83,2023-05-21 18:00:00,일,수원,울산,12,1,수원 월드컵 경기장,12639,맑음,20.0,59
2023,K리그1,14,84,2023-05-21 19:00:00,일,전북,수원FC,9,8,전주 월드컵 경기장,13634,맑음,19.0,71
2023,K리그1,15,85,2023-05-27 16:30:00,토,제주,수원,3,12,제주 월드컵 경기장,6308,흐림,21.0,86
2023,K리그1,15,86,2023-05-27 19:00:00,토,대구,인천,6,10,DGB대구은행파크,11706,흐림,26.3,49
2023,K리그1,15,87,2023-05-28 16:30:00,일,서울,강원,3,11,서울 월드컵 경기장,14419,흐리고 비,19.1,96
2023,K리그1,15,88,2023-05-28 18:00:00,일,수원FC,광주,8,9,수원 종합 운동장,1605,비,20.0,96
2023,K리그1,15,89,2023-05-28 19:00:00,일,울산,대전,1,5,울산 문수 축구경기장,17251,흐림,22.7,81
2023,K리그1,15,90,2023-05-29 16:30:00,월,포항,전북,4,7,포항 스틸야드,14377,비,19.0,94
2023,K리그1,16,91,2023-06-03 16:30:00,토,전북,울산,7,1,전주 월드컵 경기장,27797,맑음,27.0,45
2023,K리그1,16,92,2023-06-03 18:00:00,토,수원,수원FC,12,9,수원 월드컵 경기장,13104,맑음,25.9,34
2023,K리그1,16,93,2023-06-03 19:00:00,토,제주,강원,3,11,제주 월드컵 경기장,5616,맑음,22.0,65
2023,K리그1,16,94,2023-06-03 19:30:00,토,광주,포항,8,4,광주 축구 전용경기장,3512,맑음,23.0,45
2023,K리그1,16,95,2023-06-04 16:30:00,일,대전,인천,5,10,대전 월드컵 경기장,13779,맑음,28.4,34
2023,K리그1,16,96,2023-06-04 19:00:00,일,대구,서울,8,3,DGB대구은행파크,12056,맑음,28.7,28
2023,K리그1,17,97,2023-06-06 16:30:00,화,수원FC,울산,9,1,수원 종합 운동장,8733,맑음,24.2,51
2023,K리그1,17,98,2023-06-06 18:00:00,화,포항,제주,4,2,포항 스틸야드,8376,맑음,28.0,40
2023,K리그1,17,99,2023-06-07 19:00:00,수,전북,대구,8,5,전주 월드컵 경기장,8197,맑음,26.0,60
2023,K리그1,17,100,2023-06-07 19:00:00,수,광주,수원,7,12,광주 축구 전용경기장,1871,맑음,24.0,65
2023,K리그1,17,101,2023-06-07 19:30:00,수,인천,서울,10,4,인천 축구 전용경기장,7272,흐림,20.7,78
2023,K리그1,17,102,2023-06-07 19:30:00,수,강원,대전,11,6,춘천 송암 스포츠타운,2840,흐림,24.9,56
2023,K리그1,18,103,2023-06-10 16:30:00,토,대구,수원FC,8,10,DGB대구은행파크,11457,맑음,30.1,42
2023,K리그1,18,104,2023-06-10 18:00:00,토,울산,제주,1,4,울산 문수 축구경기장,20190,맑음,25.0,64
2023,K리그1,18,105,2023-06-10 20:00:00,토,대전,광주,5,6,대전 월드컵 경기장,8390,흐림,22.3,69
2023,K리그1,18,106,2023-06-11 16:30:00,일,강원,전북,11,8,춘천 송암 스포츠타운,6114,맑음,26.8,50
2023,K리그1,18,107,2023-06-11 18:00:00,일,서울,포항,3,2,서울 월드컵 경기장,18108,맑음,27.2,51
2023,K리그1,18,108,2023-06-11 19:00:00,일,수원,인천,12,9,수원 월드컵 경기장,7066,맑음,27.0,50
2023,K리그1,19,109,2023-06-24 16:30:00,토,수원,서울,12,3,수원 월드컵 경기장,19513,흐림,30.6,57
2023,K리그1,19,110,2023-06-24 18:00:00,토,제주,대전,4,7,제주 월드컵 경기장,5755,흐림,23.6,80
2023,K리그1,19,111,2023-06-24 19:00:00,토,광주,전북,8,5,광주 축구 전용경기장,5990,흐림,26.0,60
2023,K리그1,19,112,2023-06-24 19:30:00,토,울산,대구,1,6,울산 문수 축구경기장,20070,흐림,23.3,70
2023,K리그1,19,113,2023-06-25 16:30:00,일,인천,포항,9,3,인천 축구 전용경기장,9367,맑음,30.0,59
2023,K리그1,19,114,2023-06-25 19:00:00,일,수원FC,강원,10,11,수원 종합 운동장,3173,흐림,31.1,48
2023,K리그1,20,115,2023-07-01 18:00:00,토,전북,제주,8,4,전주 월드컵 경기장,12175,맑음,30.0,67
2023,K리그1,20,116,2023-07-01 19:00:00,토,대구,수원,7,12,DGB대구은행파크,12175,맑음,31.4,52
2023,K리그1,20,117,2023-07-01 19:30:00,토,서울,대전,3,6,서울 월드컵 경기장,22637,맑음,28.7,71
2023,K리그1,20,118,2023-07-02 18:00:00,일,광주,울산,7,1,광주 축구 전용경기장,5982,맑음,30.0,70
2023,K리그1,20,119,2023-07-02 19:00:00,일,포항,수원FC,2,10,포항 스틸야드,5441,맑음,28.0,63
2023,K리그1,20,120,2023-07-02 20:00:00,일,인천,강원,9,11,인천 축구 전용경기장,5076,맑음,28.1,76
2023,K리그1,21,121,2023-07-07 19:30:00,금,제주,대구,5,8,제주 월드컵 경기장,4210,흐림,24.5,99
2023,K리그1,21,122,2023-07-07 19:30:00,금,강원,광주,11,7,강릉 종합 운동장,7006,맑음,28.5,48
2023,K리그1,21,123,2023-07-08 18:00:00,토,포항,울산,2,1,포항 스틸야드,14486,흐림,23.0,85
2023,K리그1,21,124,2023-07-08 19:00:00,토,수원FC,인천,10,9,수원 종합 운동장,4782,흐림,28.0,70
2023,K리그1,21,125,2023-07-08 19:30:00,토,전북,서울,5,3,전주 월드컵 경기장,21139,흐림,28.0,78
2023,K리그1,21,126,2023-07-09 19:00:00,일,대전,수원,8,12,대전 월드컵 경기장,13685,흐림,29.4,76
2023,K리그1,22,127,2023-07-11 19:00:00,화,대구,강원,5,11,DGB대구은행파크,7929,비,24.5,86
2023,K리그1,22,128,2023-07-11 19:30:00,화,제주,광주,7,8,제주 월드컵 경기장,3280,흐림,26.0,89
2023,K리그1,22,129,2023-07-12 19:00:00,수,울산,인천,1,9,울산 문수 축구경기장,8353,맑음,29.3,68
2023,K리그1,22,130,2023-07-12 19:30:00,수,수원,포항,12,2,수원 월드컵 경기장,4727,흐림,28.0,70
2023,K리그1,22,131,2023-07-12 19:30:00,수,대전,전북,8,4,대전 월드컵 경기장,20592,맑음,30.4,61
2023,K리그1,22,132,2023-07-12 19:30:00,수,서울,수원FC,3,10,서울 월드컵 경기장,10407,흐림,26.2,85
2023,K리그1,23,133,2023-07-15 19:00:00,토,수원,울산,12,1,수원 월드컵 경기장,9946,흐리고 비,25.0,90
2023,K리그1,23,134,2023-07-15 19:30:00,토,강원,서울,11,3,강릉 종합 운동장,7203,흐림,25.6,87
2023,K리그1,23,135,2023-07-15 20:00:00,토,광주,대구,8,5,광주 축구 전용경기장,2851,비,25.0,95
2023,K리그1,23,136,2023-07-16 19:00:00,일,전북,수원FC,4,10,전주 월드컵 경기장,10905,흐림,28.0,71
2023,K리그1,23,137,2023-07-16 19:30:00,일,포항,제주,2,8,포항 스틸야드,4422,흐리고 비,26.0,82
2023,K리그1,23,138,2023-07-16 20:00:00,일,인천,대전,9,7,인천 축구 전용경기장,8925,흐림,24.0,91
2023,K리그1,24,139,2023-07-21 19:30:00,금,울산,제주,1,8,울산 문수 축구경기장,13073,맑음,27.8,59
2023,K리그1,24,140,2023-07-21 19:30:00,금,포항,전북,2,4,포항 스틸야드,9055,맑음,24.0,82
2023,K리그1,24,141,2023-07-22 19:00:00,토,수원FC,광주,10,6,수원 종합 운동장,2083,비,28.0,70
2023,K리그1,24,142,2023-07-22 19:30:00,토,강원,수원,11,12,강릉 종합 운동장,11084,흐림,29.8,67
2023,K리그1,24,143,2023-07-22 19:30:00,토,서울,인천,3,9,서울 월드컵 경기장,18150,흐리고 비,27.0,78
2023,K리그1,24,144,2023-07-22 20:00:00,토,대전,대구,7,5,대전 월드컵 경기장,10473,흐리고 비,23.9,92
2023,K리그1,25,145,2023-08-04 19:30:00,금,서울,포항,3,2,서울 월드컵 경기장,15016,맑음,31.0,66
2023,K리그1,25,146,2023-08-04 19:30:00,금,광주,대전,5,6,광주 축구 전용경기장,3752,맑음,30.0,73
2023,K리그1,25,147,2023-08-05 19:00:00,토,수원,수원FC,11,10,수원 월드컵 경기장,17481,맑음,32.6,56
2023,K리그1,25,148,2023-08-05 19:30:00,토,대구,울산,7,1,DGB대구은행파크,11928,맑음,35.9,43
2023,K리그1,25,149,2023-08-06 19:00:00,일,전북,인천,5,8,전주 월드컵 경기장,10327,비,32.0,65
2023,K리그1,25,150,2023-08-06 19:30:00,일,제주,강원,9,12,제주 월드컵 경기장,4331,맑음,31.0,72
2023,K리그1,26,151,2023-08-12 19:00:00,토,전북,수원,3,11,전주 월드컵 경기장,14216,흐림,28.0,72
2023,K리그1,26,152,2023-08-12 19:30:00,토,강원,울산,12,1,강릉 종합 운동장,8369,흐림,24.1,83
2023,K리그1,26,153,2023-08-12 20:00:00,토,제주,수원FC,9,10,제주 월드컵 경기장,5443,흐림,24.8,85
2023,K리그1,26,154,2023-08-13 19:00:00,일,대전,서울,8,4,대전 월드컵 경기장,13290,맑음,31.1,64
2023,K리그1,26,155,2023-08-13 19:30:00,일,인천,대구,9,7,인천 축구 전용경기장,9349,맑음,29.0,70
2023,K리그1,26,156,2023-08-13 20:00:00,일,포항,광주,2,5,포항 스틸야드,7206,맑음,25.0,81
2023,K리그1,27,157,2023-08-18 19:30:00,금,수원,제주,12,8,수원 월드컵 경기장,7258,흐림,31.0,60
2023,K리그1,27,158,2023-08-18 19:30:00,금,인천,광주,7,5,인천 축구 전용경기장,5870,맑음,30.2,66
2023,K리그1,27,159,2023-08-19 19:00:00,토,울산,전북,1,3,울산 문수 축구경기장,30756,흐림,26.4,86
2023,K리그1,27,160,2023-08-19 19:00:00,토,강원,수원FC,12,10,강릉 종합 운동장,10503,맑음,28.1,76
2023,K리그1,27,161,2023-08-19 19:30:00,토,서울,대구,5,9,서울 월드컵 경기장,17800,맑음,32.0,52
2023,K리그1,27,162,2023-08-20 19:00:00,일,포항,대전,2,7,포항 스틸야드,7287,맑음,27.0,81
2023,K리그1,28,163,2023-08-25 19:00:00,금,수원FC,인천,10,6,수원 종합 운동장,3236,맑음,28.4,62
2023,K리그1,28,164,2023-08-25 19:30:00,금,전북,대전,3,7,전주 월드컵 경기장,11224,맑음,28.0,61
2023,K리그1,28,165,2023-08-26 19:00:00,토,대구,제주,8,9,DGB대구은행파크,12136,맑음,31.8,42
2023,K리그1,28,166,2023-08-26 19:30:00,토,강원,포항,12,2,강릉 종합 운동장,9063,맑음,28.4,58
2023,K리그1,28,167,2023-08-27 19:00:00,일,서울,울산,5,1,서울 월드컵 경기장,27051,흐림,29.2,60
2023,K리그1,28,168,2023-08-27 19:30:00,일,광주,수원,6,11,광주 축구 전용경기장,5014,흐림,27.0,83
2023,K리그1,29,169,2023-09-01 19:00:00,금,대전,수원FC,8,10,대전 월드컵 경기장,9955,맑음,28.6,47
2023,K리그1,29,170,2023-09-01 19:30:00,금,대구,강원,7,12,DGB대구은행파크,9806,흐림,28.9,57
2023,K리그1,29,171,2023-09-02 16:30:00,토,수원,서울,11,6,수원 월드컵 경기장,22882,맑음,30.0,40
2023,K리그1,29,172,2023-09-02 19:00:00,토,인천,포항,7,2,인천 축구 전용경기장,12134,맑음,28.5,58
2023,K리그1,29,173,2023-09-03 16:30:00,일,울산,광주,1,4,울산 문수 축구경기장,18358,맑음,28.0,75
2023,K리그1,29,174,2023-09-03 19:00:00,일,제주,전북,9,5,제주 월드컵 경기장,8104,맑음,28.1,76
2023,K리그1,30,175,2023-09-16 14:00:00,토,전북,강원,5,12,전주 월드컵 경기장,10620,비,28.0,72
2023,K리그1,30,176,2023-09-16 14:00:00,토,인천,제주,7,9,인천 축구 전용경기장,8433,흐림,26.4,79
2023,K리그1,30,177,2023-09-16 16:30:00,토,포항,수원FC,2,10,포항 스틸야드,7469,비,25.0,92
2023,K리그1,30,178,2023-09-16 19:00:00,토,울산,대전,1,8,울산 문수 축구경기장,17237,비,23.7,94
2023,K리그1,30,179,2023-09-17 14:00:00,일,서울,광주,4,3,서울 월드컵 경기장,20165,흐림,25.8,84
2023,K리그1,30,180,2023-09-17 16:30:00,일,수원,대구,12,7,수원 월드컵 경기장,11048,흐림,28.6,62
2023,K리그1,31,181,2023-09-23 14:00:00,토,대전,수원,8,12,대전 월드컵 경기장,14810,흐림,23.5,51
2023,K리그1,31,182,2023-09-23 16:30:00,토,제주,서울,9,5,제주 월드컵 경기장,7205,흐림,24.0,67
2023,K리그1,31,183,2023-09-24 14:00:00,일,수원FC,울산,10,1,수원 종합 운동장,7809,맑음,24.3,43
2023,K리그1,31,184,2023-09-24 14:00:00,일,광주,전북,3,6,광주 축구 전용경기장,7303,맑음,27.0,45
2023,K리그1,31,185,2023-09-24 16:30:00,일,강원,인천,11,7,강릉 종합 운동장,10047,맑음,22.6,56
2023,K리그1,31,186,2023-09-24 19:00:00,일,대구,포항,5,2,DGB대구은행파크,11858,맑음,23.0,50
2023,K리그1,32,187,2023-09-30 14:00:00,토,포항,울산,2,1,포항 스틸야드,14640,맑음,17.0,65
2023,K리그1,32,188,2023-09-30 14:00:00,토,수원FC,서울,10,4,수원 종합 운동장,7194,흐리고 비,19.0,70
2023,K리그1,32,189,2023-09-30 16:30:00,토,전북,대구,5,6,전주 월드컵 경기장,14963,맑음,23.0,59
2023,K리그1,32,190,2023-09-30 19:00:00,토,인천,수원,7,12,인천 축구 전용경기장,15040,맑음,22.0,75
2023,K리그1,32,191,2023-10-01 14:00:00,일,강원,대전,11,8,강릉 종합 운동장,9326,맑음,21.3,49
2023,K리그1,32,192,2023-10-01 16:30:00,일,제주,광주,9,3,제주 월드컵 경기장,6130,맑음,23.7,50
2023,K리그1,33,193,2023-10-08 15:00:00,일,울산,인천,1,6,울산 문수 축구경기장,17584,흐림,18.8,66
2023,K리그1,33,194,2023-10-08 15:00:00,일,대구,수원FC,4,10,DGB대구은행파크,10776,흐림,20.3,49
2023,K리그1,33,195,2023-10-08 15:00:00,일,서울,전북,5,7,서울 월드컵 경기장,33103,흐림,17.5,68
2023,K리그1,33,196,2023-10-08 15:00:00,일,수원,포항,12,2,수원 월드컵 경기장,11772,흐림,19.9,59
2023,K리그1,33,197,2023-10-08 15:00:00,일,광주,강원,3,11,광주 축구 전용경기장,6004,맑음,22.0,50
2023,K리그1,33,198,2023-10-08 15:00:00,일,대전,제주,8,9,대전 월드컵 경기장,15818,흐림,19.1,61
2023,K리그1,34,199,2023-10-20 19:30:00,금,포항,인천,2,6,포항 스틸야드,4944,맑음,14.0,25
2023,K리그1,34,200,2023-10-21 14:00:00,토,광주,울산,3,1,광주 축구 전용경기장,5553,흐림,18.0,50
2023,K리그1,34,201,2023-10-21 16:30:00,토,대구,전북,6,4,DGB대구은행파크,12211,흐림,16.5,47
2023,K리그1,34,202,2023-10-22 14:00:00,일,서울,강원,7,11,서울 월드컵 경기장,11638,맑음,15.8,42
2023,K리그1,34,203,2023-10-22 14:00:00,일,제주,수원,9,12,제주 월드컵 경기장,4875,맑음,19.4,47
2023,K리그1,34,204,2023-10-22 16:40:00,일,대전,수원FC,8,10,대전 월드컵 경기장,9474,맑음,18.9,42
2023,K리그1,35,205,2023-10-28 14:00:00,토,전북,포항,4,2,전주 월드컵 경기장,12266,맑음,19.0,57
2023,K리그1,35,206,2023-10-28 16:30:00,토,광주,인천,3,6,광주 축구 전용경기장,4723,맑음,19.5,50
2023,K리그1,35,207,2023-10-28 16:30:00,토,강원,제주,11,9,강릉 종합 운동장,5256,흐림,15.9,71
2023,K리그1,35,208,2023-10-29 14:00:00,일,울산,대구,1,7,울산 문수 축구경기장,18933,맑음,19.2,49
2023,K리그1,35,209,2023-10-29 14:00:00,일,수원,대전,12,8,수원 월드컵 경기장,11658,맑음,18.8,44
2023,K리그1,35,210,2023-10-29 16:30:00,일,수원FC,서울,10,6,수원 종합 운동장,5372,맑음,21.1,33
2023,K리그1,36,211,2023-11-11 14:00:00,토,대전,강원,8,11,대전 월드컵 경기장,8000,흐림,3.6,43
2023,K리그1,36,212,2023-11-11 16:30:00,토,대구,광주,7,3,DGB대구은행파크,12222,흐림,9.8,39
2023,K리그1,36,213,2023-11-11 16:30:00,토,제주,서울,9,4,제주 월드컵 경기장,6039,맑음,14.1,53
2023,K리그1,36,214,2023-11-12 14:00:00,일,인천,전북,6,5,인천 축구 전용경기장,11912,맑음,3.0,50
2023,K리그1,36,215,2023-11-12 14:00:00,일,수원FC,수원,10,12,수원 종합 운동장,8886,맑음,3.3,45
2023,K리그1,36,216,2023-11-12 16:30:00,일,울산,포항,1,2,울산 문수 축구경기장,16946,맑음,8.6,30
2023,K리그1,37,217,2023-11-24 19:30:00,금,인천,울산,6,1,인천 축구 전용경기장,7601,맑음,-0.4,45
2023,K리그1,37,218,2023-11-25 14:00:00,토,전북,광주,6,3,전주 월드컵 경기장,11369,맑음,2.0,29
2023,K리그1,37,219,2023-11-25 14:00:00,토,제주,대전,9,8,제주 월드컵 경기장,4713,흐림,9.4,65
2023,K리그1,37,220,2023-11-25 16:30:00,토,포항,대구,2,7,포항 스틸야드,9541,맑음,6.0,38
2023,K리그1,37,221,2023-11-25 16:30:00,토,서울,수원,5,12,서울 월드컵 경기장,36007,맑음,2.0,21
2023,K리그1,37,222,2023-11-25 16:30:00,토,강원,수원FC,11,10,강릉 종합 운동장,7307,맑음,5.3,30
2023,K리그1,38,223,2023-12-02 14:00:00,토,대전,서울,7,6,대전 월드컵 경기장,10176,흐림,4.1,54
2023,K리그1,38,224,2023-12-02 14:00:00,토,수원FC,제주,11,9,수원 종합 운동장,2602,흐림,2.6,63
2023,K리그1,38,225,2023-12-02 14:00:00,토,수원,강원,12,10,수원 월드컵 경기장,24932,맑음,2.6,63
2023,K리그1,38,226,2023-12-03 14:00:00,일,울산,전북,1,4,울산 문수 축구경기장,28638,맑음,9.4,26
2023,K리그1,38,227,2023-12-03 14:00:00,일,광주,포항,3,2,광주 축구 전용경기장,5817,맑음,9.0,45
2023,K리그1,38,228,2023-12-03 14:00:00,일,대구,인천,8,5,DGB대구은행파크,12334,맑음,7.9,29
2024,K리그1,1,1,2024-03-01 14:00:00,금,울산,포항,0,0,울산 문수 축구경기장,28683,맑음,3.0,10
2024,K리그1,1,2,2024-03-01 16:30:00,금,전북,대전,0,0,전주 월드컵 경기장,24758,맑음,1.0,44
2024,K리그1,1,3,2024-03-02 14:00:00,토,광주,서울,0,0,광주 축구 전용경기장,7805,맑음,5.0,35
2024,K리그1,1,4,2024-03-02 16:30:00,토,인천,수원FC,0,0,인천 축구 전용경기장,15060,흐림,3.3,55
2024,K리그1,1,5,2024-03-02 16:30:00,토,강원,제주,0,0,춘천 송암 스포츠타운,6021,흐림,1.4,47
2024,K리그1,1,6,2024-03-03 14:00:00,일,대구,김천,0,0,DGB대구은행파크,12133,맑음,9.5,44
2024,K리그1,2,7,2024-03-09 14:00:00,토,수원FC,전북,2,5,수원 종합 운동장,9557,맑음,4.9,32
2024,K리그1,2,8,2024-03-09 16:30:00,토,포항,대구,9,9,포항 스틸야드,10930,맑음,7.0,40
2024,K리그1,2,9,2024-03-09 16:30:00,토,김천,울산,2,2,김천 종합 운동장,5852,맑음,10.4,19
2024,K리그1,2,10,2024-03-10 14:00:00,일,제주,대전,7,7,제주 월드컵 경기장,9083,맑음,13.5,41
2024,K리그1,2,11,2024-03-10 16:30:00,일,광주,강원,5,7,광주 축구 전용경기장,5786,맑음,13.0,27
2024,K리그1,2,12,2024-03-10 16:00:00,일,서울,인천,12,11,서울 월드컵 경기장,51670,맑음,10.4,22
2024,K리그1,3,13,2024-03-16 14:00:00,토,대전,강원,9,8,대전 월드컵 경기장,17191,맑음,16.6,32
2024,K리그1,3,14,2024-03-16 16:30:00,토,대구,수원FC,12,4,DGB대구은행파크,11997,맑음,19.1,26
2024,K리그1,3,15,2024-03-16 16:30:00,토,서울,제주,11,3,서울 월드컵 경기장,29536,맑음,16.6,29
2024,K리그1,3,16,2024-03-17 14:00:00,일,포항,광주,6,1,포항 스틸야드,9203,맑음,17.0,42
2024,K리그1,3,17,2024-03-17 14:00:00,일,김천,전북,7,10,김천 종합 운동장,4300,맑음,18.2,39
2024,K리그1,3,18,2024-03-17 16:30:00,일,울산,인천,2,12,울산 문수 축구경기장,15233,흐림,19.2,23
2024,K리그1,4,19,2024-03-30 14:00:00,토,전북,울산,11,1,전주 월드컵 경기장,25782,흐림,15.0,52
2024,K리그1,4,20,2024-03-30 14:00:00,토,인천,대전,9,10,인천 축구 전용경기장,11581,흐림,11.2,49
2024,K리그1,4,21,2024-03-30 16:30:00,토,제주,포항,6,3,제주 월드컵 경기장,6036,맑음,20.0,57
2024,K리그1,4,22,2024-03-30 16:30:00,토,수원FC,김천,5,4,수원 종합 운동장,6145,맑음,17.2,32
2024,K리그1,4,23,2024-03-31 14:00:00,일,강원,서울,10,8,춘천 송암 스포츠타운,10144,맑음,14.2,18
2024,K리그1,4,24,2024-03-31 16:30:00,일,광주,대구,4,12,광주 축구 전용경기장,7313,맑음,20.5,33
2024,K리그1,5,25,2024-04-02 19:30:00,화,포항,수원FC,2,6,포항 스틸야드,5143,흐림,14.0,72
2024,K리그1,5,26,2024-04-02 19:30:00,화,대전,울산,12,3,대전 월드컵 경기장,7927,맑음,23.1,27
2024,K리그1,5,27,2024-04-03 19:30:00,수,광주,인천,4,6,광주 축구 전용경기장,1562,비,14.5,93
2024,K리그1,5,28,2024-04-03 19:30:00,수,서울,김천,8,2,서울 월드컵 경기장,13040,흐림,18.0,61
2024,K리그1,5,29,2024-04-03 19:30:00,수,제주,전북,9,12,제주 월드컵 경기장,3426,흐림,17.0,100
2024,K리그1,5,30,2024-04-03 19:30:00,수,강원,대구,11,9,춘천 송암 스포츠타운,3056,흐림,15.9,48
2024,K리그1,6,31,2024-04-06 14:00:00,토,울산,수원FC,3,9,울산 문수 축구경기장,14215,흐림,20.0,40
2024,K리그1,6,32,2024-04-06 16:30:00,토,인천,제주,5,6,인천 축구 전용경기장,9293,맑음,13.0,46
2024,K리그1,6,33,2024-04-06 16:30:00,토,김천,광주,2,7,김천 종합 운동장,3021,맑음,21.3,33
2024,K리그1,6,34,2024-04-07 14:00:00,일,전북,강원,12,8,전주 월드컵 경기장,11215,맑음,21.0,34
2024,K리그1,6,35,2024-04-07 14:00:00,일,대구,서울,11,5,DGB대구은행파크,12088,맑음,22.0,28
2024,K리그1,6,36,2024-04-07 16:30:00,일,대전,포항,10,3,대전 월드컵 경기장,10761,맑음,23.7,24
2024,K리그1,7,37,2024-04-13 14:00:00,토,전북,광주,12,8,전주 월드컵 경기장,11229,맑음,24.0,40
2024,K리그1,7,38,2024-04-13 14:00:00,토,서울,포항,6,1,서울 월드컵 경기장,29051,맑음,24.7,30
2024,K리그1,7,39,2024-04-13 16:30:00,토,울산,강원,3,5,울산 문수 축구경기장,13874,맑음,23.7,34
2024,K리그1,7,40,2024-04-13 16:30:00,토,제주,김천,4,2,제주 월드컵 경기장,4211,맑음,19.0,68
2024,K리그1,7,41,2024-04-14 14:00:00,일,수원FC,대전,10,11,수원 종합 운동장,4961,맑음,25.6,26
2024,K리그1,7,42,2024-04-14 16:30:00,일,인천,대구,7,12,인천 축구 전용경기장,9400,맑음,25.2,27
2024,K리그1,8,43,2024-05-15 16:30:00,수,광주,울산,9,2,광주 축구 전용경기장,8069,흐림,15.5,70
2024,K리그1,8,44,2024-04-20 14:00:00,토,수원FC,제주,8,4,수원 종합 운동장,2522,비,16.0,80
2024,K리그1,8,45,2024-04-20 16:30:00,토,포항,김천,1,2,포항 스틸야드,7673,비,15.0,90
2024,K리그1,8,46,2024-04-20 16:30:00,토,서울,전북,6,10,서울 월드컵 경기장,28048,비,13.9,87
2024,K리그1,8,47,2024-04-21 14:00:00,일,강원,인천,7,9,춘천 송암 스포츠타운,6025,맑음,17.9,59
2024,K리그1,8,48,2024-04-21 16:30:00,일,대구,대전,11,12,DGB대구은행파크,11330,흐림,17.2,77
2024,K리그1,9,49,2024-04-27 14:00:00,토,대전,서울,12,7,대전 월드컵 경기장,12700,맑음,23.5,25
2024,K리그1,9,50,2024-04-27 16:30:00,토,광주,수원FC,11,5,광주 축구 전용경기장,5440,맑음,26.5,33
2024,K리그1,9,51,2024-04-27 16:30:00,토,김천,강원,2,4,김천 종합 운동장,2338,맑음,30.5,23
2024,K리그1,9,52,2024-04-28 14:00:00,일,포항,인천,2,9,포항 스틸야드,7564,맑음,21.0,62
2024,K리그1,9,53,2024-04-28 14:00:00,일,전북,대구,8,11,전주 월드컵 경기장,13642,맑음,25.0,43
2024,K리그1,9,54,2024-04-28 16:30:00,일,울산,제주,4,6,울산 문수 축구경기장,20253,맑음,21.5,56
2024,K리그1,10,55,2024-04-30 19:30:00,화,대전,김천,10,1,대전 월드컵 경기장,4974,흐림,17.7,62
2024,K리그1,10,56,2024-04-30 19:30:00,화,수원FC,서울,4,9,수원 종합 운동장,7570,맑음,17.9,54
2024,K리그1,10,57,2024-05-01 19:00:00,수,대구,울산,11,3,DGB대구은행파크,11466,흐림,16.0,49
2024,K리그1,10,58,2024-05-01 19:00:00,수,인천,전북,8,7,인천 축구 전용경기장,10094,맑음,20.5,43
2024,K리그1,10,59,2024-05-01 19:00:00,수,제주,광주,10,12,제주 월드컵 경기장,4502,흐림,16.0,81
2024,K리그1,10,60,2024-05-01 19:00:00,수,강원,포항,6,2,춘천 송암 스포츠타운,4157,맑음,22.1,24
2024,K리그1,11,61,2024-05-04 14:30:00,토,서울,울산,7,2,서울 월드컵 경기장,52600,맑음,28.0,30
2024,K리그1,11,62,2024-05-04 16:30:00,토,포항,전북,1,8,포항 스틸야드,13002,맑음,26.0,41
2024,K리그1,11,63,2024-05-05 14:00:00,일,수원FC,강원,4,6,수원 종합 운동장,3008,비,18.1,93
2024,K리그1,11,64,2024-05-05 16:30:00,일,김천,인천,3,5,김천 종합 운동장,2651,흐리고 비,18.8,84
2024,K리그1,11,65,2024-05-06 14:00:00,월,제주,대구,9,12,제주 월드컵 경기장,10033,맑음,19.0,74
2024,K리그1,11,66,2024-05-06 16:30:00,월,광주,대전,11,10,광주 축구 전용경기장,4221,흐림,17.0,80
2024,K리그1,12,67,2024-05-11 16:30:00,토,인천,서울,6,9,인천 축구 전용경기장,14435,비,17.1,90
2024,K리그1,12,68,2024-05-11 19:00:00,토,대구,광주,12,8,DGB대구은행파크,11967,흐림,24.4,49
2024,K리그1,12,69,2024-05-11 19:00:00,토,강원,대전,4,11,춘천 송암 스포츠타운,4263,비,17.5,88
2024,K리그1,12,70,2024-05-12 14:00:00,일,전북,수원FC,12,6,전주 월드컵 경기장,13009,맑음,21.4,40
2024,K리그1,12,71,2024-05-12 16:30:00,일,울산,김천,2,3,울산 문수 축구경기장,16394,흐림,22.9,32
2024,K리그1,12,72,2024-05-12 16:30:00,일,포항,제주,1,8,포항 스틸야드,9577,맑음,24.0,34
2024,K리그1,13,73,2024-05-18 16:30:00,토,대전,인천,10,8,대전 월드컵 경기장,10535,맑음,27.2,28
2024,K리그1,13,74,2024-05-19 16:30:00,일,광주,전북,7,12,광주 축구 전용경기장,8091,맑음,28.5,20
2024,K리그1,13,75,2024-05-18 19:00:00,토,김천,제주,3,9,김천 종합 운동장,2279,맑음,30.0,26
2024,K리그1,13,76,2024-05-19 16:30:00,일,서울,대구,8,11,서울 월드컵 경기장,27365,맑음,28.0,35
2024,K리그1,13,77,2024-05-19 16:30:00,일,강원,울산,6,3,춘천 송암 스포츠타운,7850,맑음,28.1,29
2024,K리그1,13,78,2024-05-19 19:00:00,일,수원FC,포항,4,1,수원 종합 운동장,5126,맑음,24.5,40
2024,K리그1,14,79,2024-05-25 14:00:00,토,전북,김천,11,2,전주 월드컵 경기장,11726,흐림,25.0,63
2024,K리그1,14,80,2024-05-25 16:30:00,토,울산,대전,3,12,울산 문수 축구경기장,14676,맑음,20.6,43
2024,K리그1,14,81,2024-05-25 19:00:00,토,포항,서울,1,8,포항 스틸야드,13467,맑음,17.0,65
2024,K리그1,14,82,2024-05-25 19:00:00,토,인천,광주,6,7,인천 축구 전용경기장,9107,흐림,20.0,75
2024,K리그1,14,83,2024-05-26 16:30:00,일,대구,강원,10,5,DGB대구은행파크,11977,맑음,27.4,50
2024,K리그1,14,84,2024-05-26 19:00:00,일,제주,수원FC,11,4,제주 월드컵 경기장,3052,비,21.0,91
2024,K리그1,15,85,2024-05-28 19:30:00,화,광주,포항,8,2,광주 축구 전용경기장,2687,맑음,21.0,53
2024,K리그1,15,86,2024-05-28 19:30:00,화,김천,서울,3,9,김천 종합 운동장,3372,맑음,23.0,43
2024,K리그1,15,87,2024-05-29 19:30:00,수,인천,울산,6,2,인천 축구 전용경기장,8413,맑음,22.7,43
2024,K리그1,15,88,2024-05-29 19:30:00,수,대전,제주,12,8,대전 월드컵 경기장,4759,맑음,26.9,38
2024,K리그1,15,89,2024-05-29 19:30:00,수,수원FC,대구,5,11,수원 종합 운동장,2328,맑음,25.0,35
2024,K리그1,15,90,2024-05-29 19:30:00,수,강원,전북,4,10,춘천 송암 스포츠타운,6125,맑음,26.6,28
2024,K리그1,16,91,2024-06-01 16:30:00,토,울산,전북,2,10,울산 문수 축구경기장,29007,흐림,21.1,53
2024,K리그1,16,92,2024-06-01 19:00:00,토,수원FC,인천,5,7,수원 종합 운동장,7511,맑음,22.6,47
2024,K리그1,16,93,2024-06-01 19:00:00,토,김천,포항,3,1,김천 종합 운동장,4574,맑음,27.0,37
2024,K리그1,16,94,2024-06-02 16:30:00,일,대전,대구,12,11,대전 월드컵 경기장,9649,맑음,26.0,30
2024,K리그1,16,95,2024-06-02 16:30:00,일,제주,강원,6,5,제주 월드컵 경기장,6534,맑음,23.0,45
2024,K리그1,16,96,2024-06-02 19:00:00,일,서울,광주,8,9,서울 월드컵 경기장,21100,맑음,24.0,40
2024,K리그1,17,97,2024-06-15 18:00:00,토,포항,대전,3,11,포항 스틸야드,8422,흐림,24.0,76
2024,K리그1,17,98,2024-06-15 19:00:00,토,광주,김천,7,2,광주 축구 전용경기장,4561,맑음,26.0,65
2024,K리그1,17,99,2024-06-15 20:00:00,토,강원,수원FC,4,5,춘천 송암 스포츠타운,9704,맑음,27.2,52
2024,K리그1,17,100,2024-06-16 18:00:00,일,울산,서울,2,9,울산 문수 축구경기장,23856,맑음,27.6,54
2024,K리그1,17,101,2024-06-16 18:00:00,일,전북,인천,11,8,전주 월드컵 경기장,11477,맑음,27.0,46
2024,K리그1,17,102,2024-06-16 19:00:00,일,대구,제주,12,7,DGB대구은행파크,9885,맑음,30.0,31
2024,K리그1,18,103,2024-06-22 18:00:00,토,대구,전북,10,11,DGB대구은행파크,10540,비,24.3,92
2024,K리그1,18,104,2024-06-22 19:00:00,토,대전,광주,12,6,대전 월드컵 경기장,7350,흐리고 비,23.3,95
2024,K리그1,18,105,2024-06-22 19:00:00,토,강원,김천,2,4,강릉 종합 운동장,11578,비,21.5,94
2024,K리그1,18,106,2024-06-22 20:00:00,토,서울,수원FC,9,5,서울 월드컵 경기장,25157,흐림,23.0,85
2024,K리그1,18,107,2024-06-23 18:00:00,일,인천,포항,8,4,인천 축구 전용경기장,8198,맑음,25.9,74
2024,K리그1,18,108,2024-06-23 18:00:00,일,제주,울산,10,2,제주 월드컵 경기장,6557,흐림,24.0,86
2024,K리그1,19,109,2024-06-25 19:30:00,화,수원FC,광주,5,6,수원 종합 운동장,3596,맑음,24.3,54
2024,K리그1,19,110,2024-06-25 19:30:00,화,김천,대전,3,11,김천 종합 운동장,1925,흐림,27.3,42
2024,K리그1,19,111,2024-06-26 19:30:00,수,울산,대구,2,9,울산 문수 축구경기장,10273,맑음,26.0,47
2024,K리그1,19,112,2024-06-26 19:30:00,수,전북,포항,12,3,전주 월드컵 경기장,6546,맑음,29.0,43
2024,K리그1,19,113,2024-06-26 19:30:00,수,서울,강원,7,4,서울 월드컵 경기장,13303,맑음,27.2,52
2024,K리그1,19,114,2024-06-26 19:30:00,수,제주,인천,10,8,제주 월드컵 경기장,3044,흐림,21.0,77
2024,K리그1,20,115,2024-06-29 18:00:00,토,김천,대구,2,10,김천 종합 운동장,3832,비,24.3,80
2024,K리그1,20,116,2024-06-29 19:00:00,토,전북,서울,12,6,전주 월드컵 경기장,12508,비,23.0,95
2024,K리그1,20,117,2024-06-29 20:00:00,토,대전,수원FC,11,5,대전 월드컵 경기장,5290,비,22.9,96
2024,K리그1,20,118,2024-06-30 18:00:00,일,포항,울산,3,2,포항 스틸야드,13079,흐리고 비,30.0,64
2024,K리그1,20,119,2024-06-30 19:00:00,일,광주,제주,8,7,광주 축구 전용경기장,2389,비,25.0,95
2024,K리그1,20,120,2024-06-30 19:00:00,일,인천,강원,9,5,인천 축구 전용경기장,6164,맑음,24.0,85
2024,K리그1,21,121,2024-07-05 19:30:00,금,인천,김천,9,1,인천 축구 전용경기장,7012,흐림,23.7,81
2024,K리그1,21,122,2024-07-05 19:30:00,금,수원FC,울산,5,2,수원 종합 운동장,7378,맑음,24.9,69
2024,K리그1,21,123,2024-07-06 19:00:00,토,제주,서울,8,6,제주 월드컵 경기장,12409,흐림,27.0,81
2024,K리그1,21,124,2024-07-06 19:30:00,토,대구,포항,10,3,DGB대구은행파크,11881,맑음,31.1,62
2024,K리그1,21,125,2024-07-07 19:00:00,일,대전,전북,11,12,대전 월드컵 경기장,10378,흐림,26.3,93
2024,K리그1,21,126,2024-07-07 19:00:00,일,강원,광주,4,8,강릉 종합 운동장,10334,흐림,28.7,64
2024,K리그1,22,127,2024-07-09 19:30:00,화,대구,인천,10,9,DGB대구은행파크,7152,비,25.5,88
2024,K리그1,22,128,2024-07-09 19:30:00,화,김천,수원FC,1,5,김천 종합 운동장,1085,흐리고 비,24.3,89
2024,K리그1,22,129,2024-07-10 19:30:00,수,울산,광주,2,8,울산 문수 축구경기장,9444,흐림,21.8,92
2024,K리그1,22,130,2024-07-10 19:30:00,수,포항,강원,3,4,포항 스틸야드,5287,흐리고 비,22.0,89
2024,K리그1,22,131,2024-07-10 19:30:00,수,전북,제주,12,7,전주 월드컵 경기장,5560,흐림,25.0,89
2024,K리그1,22,132,2024-07-10 19:30:00,수,서울,대전,6,11,서울 월드컵 경기장,15037,흐림,27.0,76
2024,K리그1,23,133,2024-07-13 19:00:00,토,울산,서울,3,6,울산 문수 축구경기장,21064,흐림,26.3,74
2024,K리그1,23,134,2024-07-13 19:30:00,토,대전,강원,12,4,대전 월드컵 경기장,7147,흐림,27.0,80
2024,K리그1,23,135,2024-07-13 19:30:00,토,제주,포항,8,1,제주 월드컵 경기장,4412,비,24.0,91
2024,K리그1,23,136,2024-07-14 19:00:00,일,광주,인천,8,9,광주 축구 전용경기장,2969,흐림,26.0,85
2024,K리그1,23,137,2024-07-14 19:00:00,일,수원FC,대구,5,10,수원 종합 운동장,5594,맑음,31.0,54
2024,K리그1,23,138,2024-07-14 19:00:00,일,김천,전북,3,11,김천 종합 운동장,3524,흐림,24.8,87
2024,K리그1,24,139,2024-07-20 19:00:00,토,전북,울산,11,2,전주 월드컵 경기장,18573,흐림,31.0,72
2024,K리그1,24,140,2024-07-20 19:30:00,토,강원,제주,4,7,강릉 종합 운동장,10710,흐림,29.3,68
2024,K리그1,24,141,2024-07-21 19:00:00,일,인천,수원FC,9,5,인천 축구 전용경기장,10303,흐림,28.0,80
2024,K리그1,24,142,2024-07-21 19:00:00,일,대구,광주,11,8,DGB대구은행파크,10721,맑음,33.6,56
2024,K리그1,24,143,2024-07-21 19:00:00,일,서울,김천,6,1,서울 월드컵 경기장,18577,흐림,28.5,81
2024,K리그1,24,144,2024-07-21 19:00:00,일,대전,포항,12,4,대전 월드컵 경기장,6635,맑음,30.8,73
2024,K리그1,25,145,2024-07-26 19:30:00,금,제주,울산,8,3,제주 월드컵 경기장,7346,흐림,28.0,83
2024,K리그1,25,146,2024-07-26 19:30:00,금,강원,전북,4,10,강릉 종합 운동장,12272,맑음,32.2,70
2024,K리그1,25,147,2024-07-27 19:00:00,토,광주,수원FC,8,5,광주 축구 전용경기장,4239,맑음,29.0,80
2024,K리그1,25,148,2024-07-27 19:30:00,토,대구,대전,11,12,DGB대구은행파크,11373,흐림,32.2,62
2024,K리그1,25,149,2024-07-27 19:30:00,토,인천,서울,9,6,인천 축구 전용경기장,15213,흐림,31.0,70
2024,K리그1,25,150,2024-07-28 19:00:00,일,포항,김천,2,3,포항 스틸야드,13234,맑음,34.0,44
2024,K리그1,26,151,2024-08-09 19:30:00,금,전북,광주,11,7,전주 월드컵 경기장,15178,맑음,32.0,61
2024,K리그1,26,152,2024-08-09 19:30:00,금,김천,강원,1,2,김천 종합 운동장,3402,맑음,34.3,46
2024,K리그1,26,153,2024-08-10 19:00:00,토,울산,대구,4,10,울산 문수 축구경기장,17372,맑음,29.6,65
2024,K리그1,26,154,2024-08-10 19:30:00,토,제주,인천,8,9,제주 월드컵 경기장,6271,맑음,29.0,77
2024,K리그1,26,155,2024-08-10 19:30:00,토,수원FC,대전,5,12,수원 종합 운동장,5223,맑음,31.4,85
2024,K리그1,26,156,2024-08-11 19:00:00,일,포항,서울,4,7,포항 스틸야드,10719,맑음,29.0,63
2024,K리그1,27,157,2024-08-16 19:30:00,금,대구,김천,11,2,DGB대구은행파크,9817,맑음,31.9,51
2024,K리그1,27,158,2024-08-16 19:30:00,금,서울,제주,6,8,서울 월드컵 경기장,18029,흐림,30.5,72
2024,K리그1,27,159,2024-08-17 19:00:00,토,전북,포항,12,4,전주 월드컵 경기장,14814,맑음,27.0,96
2024,K리그1,27,160,2024-08-17 19:30:00,토,대전,인천,11,9,대전 월드컵 경기장,8618,맑음,33.0,52
2024,K리그1,27,161,2024-08-18 19:00:00,일,울산,수원FC,3,6,울산 문수 축구경기장,13204,맑음,29.7,59
2024,K리그1,27,162,2024-08-18 19:00:00,일,강원,광주,1,7,강릉 종합 운동장,13170,맑음,31.5,61
2024,K리그1,28,163,2024-08-24 19:00:00,토,포항,대구,4,11,포항 스틸야드,10691,맑음,32.0,55
2024,K리그1,28,164,2024-08-24 19:30:00,토,인천,전북,9,12,인천 축구 전용경기장,15422,맑음,29.0,75
2024,K리그1,28,165,2024-08-24 19:30:00,토,서울,강원,6,1,서울 월드컵 경기장,34086,흐림,27.7,85
2024,K리그1,28,166,2024-08-25 19:00:00,일,광주,울산,7,4,광주 축구 전용경기장,5081,맑음,29.0,75
2024,K리그1,28,167,2024-08-25 19:00:00,일,수원FC,제주,6,8,수원 종합 운동장,3275,맑음,29.0,74
2024,K리그1,28,168,2024-08-25 19:00:00,일,김천,대전,2,12,김천 종합 운동장,3261,맑음,32.8,58
2024,K리그1,29,169,2024-08-31 19:00:00,토,울산,포항,2,6,울산 문수 축구경기장,22106,맑음,27.4,68
2024,K리그1,29,170,2024-08-31 19:30:00,토,대구,인천,9,12,DGB대구은행파크,11994,흐림,30.1,58
2024,K리그1,29,171,2024-09-01 18:00:00,일,제주,김천,8,4,제주 월드컵 경기장,5469,맑음,28.0,69
2024,K리그1,29,172,2024-09-01 19:00:00,일,전북,서울,11,5,전주 월드컵 경기장,22749,맑음,30.0,58
2024,K리그1,29,173,2024-09-01 19:00:00,일,대전,광주,12,7,대전 월드컵 경기장,7445,맑음,31.2,51
2024,K리그1,29,174,2024-09-01 19:00:00,일,강원,수원FC,2,3,강릉 종합 운동장,12292,맑음,32.0,54
2024,K리그1,30,175,2024-09-13 19:30:00,금,울산,강원,2,1,울산 문수 축구경기장,22010,맑음,29.5,75
2024,K리그1,30,176,2024-09-13 19:30:00,금,광주,포항,7,6,광주 축구 전용경기장,3136,맑음,30.0,70
2024,K리그1,30,177,2024-09-14 16:30:00,토,서울,대전,5,9,서울 월드컵 경기장,26790,맑음,30.5,65
2024,K리그1,30,178,2024-09-14 19:00:00,토,제주,대구,8,12,제주 월드컵 경기장,7746,맑음,30.0,66
2024,K리그1,30,179,2024-09-14 19:00:00,토,수원FC,전북,3,11,수원 종합 운동장,9136,맑음,30.3,67
2024,K리그1,30,180,2024-09-15 16:30:00,일,김천,인천,4,12,김천 종합 운동장,3315,맑음,31.2,65
2024,K리그1,31,181,2024-09-21 16:30:00,토,수원FC,김천,4,3,수원 종합 운동장,3059,흐림,21.5,78
2024,K리그1,31,182,2024-09-21 19:00:00,토,대구,서울,11,5,DGB대구은행파크,11837,비,21.3,95
2024,K리그1,31,183,2024-09-22 16:30:00,일,포항,강원,6,3,포항 스틸야드,9427,흐리고 비,22.0,77
2024,K리그1,31,184,2024-09-22 16:30:00,일,광주,제주,7,8,광주 축구 전용경기장,3468,흐림,22.5,85
2024,K리그1,31,185,2024-09-22 19:00:00,일,인천,울산,12,1,인천 축구 전용경기장,13888,맑음,24.3,61
2024,K리그1,31,186,2024-09-22 19:00:00,일,대전,전북,10,11,대전 월드컵 경기장,18473,흐림,24.5,69
2024,K리그1,32,187,2024-09-27 19:30:00,금,포항,인천,5,12,포항 스틸야드,6332,흐림,23.0,80
2024,K리그1,32,188,2024-09-27 19:30:00,금,대전,울산,9,1,대전 월드컵 경기장,11219,맑음,27.3,42
2024,K리그1,32,189,2024-09-28 16:30:00,토,강원,대구,3,11,강릉 종합 운동장,12677,맑음,22.8,63
2024,K리그1,32,190,2024-09-28 19:00:00,토,전북,제주,10,8,전주 월드컵 경기장,21386,맑음,28.0,55
2024,K리그1,32,191,2024-09-28 19:00:00,토,김천,광주,2,7,김천 종합 운동장,3238,흐림,23.6,73
2024,K리그1,32,192,2024-09-29 16:30:00,일,서울,수원FC,6,5,서울 월드컵 경기장,31037,맑음,27.4,52
2024,K리그1,33,193,2024-10-06 15:00:00,일,울산,김천,1,2,울산 문수 축구경기장,24417,흐리고 비,20.3,76
2024,K리그1,33,194,2024-10-06 15:00:00,일,광주,서울,7,5,광주 축구 전용경기장,6357,비,19.0,80
2024,K리그1,33,195,2024-10-06 15:00:00,일,대구,전북,10,9,DGB대구은행파크,12072,흐림,22.3,62
2024,K리그1,33,196,2024-10-06 15:00:00,일,인천,강원,12,3,인천 축구 전용경기장,14434,흐림,17.4,70
2024,K리그1,33,197,2024-10-06 15:00:00,일,제주,대전,8,11,제주 월드컵 경기장,6766,흐림,24.0,72
2024,K리그1,33,198,2024-10-06 15:00:00,일,포항,수원FC,4,6,포항 스틸야드,9513,흐림,22.0,67
2024,K리그1,34,199,2024-10-18 19:30:00,금,포항,수원FC,4,6,포항 스틸야드,4611,비,23.0,90
2024,K리그1,34,200,2024-10-18 19:30:00,금,광주,대구,7,9,광주 축구 전용경기장,2447,비,24.0,87
2024,K리그1,34,201,2024-10-19 14:00:00,토,전북,대전,10,11,전주 월드컵 경기장,18261,흐림,18.0,86
2024,K리그1,34,202,2024-10-19 16:30:00,토,김천,울산,2,1,김천 종합 운동장,5636,비,15.2,88
2024,K리그1,34,203,2024-10-19 16:30:00,토,인천,제주,12,8,인천 축구 전용경기장,7138,흐림,19.9,68
2024,K리그1,34,204,2024-10-20 15:00:00,일,강원,서울,3,5,강릉 종합 운동장,12742,흐림,14.0,54
2024,K리그1,35,205,2024-10-26 14:00:00,토,강원,김천,2,3,강릉 종합 운동장,9383,맑음,20.1,72
2024,K리그1,35,206,2024-10-26 16:30:00,토,수원FC,서울,6,5,수원 종합 운동장,7971,맑음,22.9,48
2024,K리그1,35,207,2024-10-27 14:00:00,일,포항,울산,5,1,포항 스틸야드,13212,흐리고 비,21.0,63
2024,K리그1,35,208,2024-10-27 14:00:00,일,대전,대구,10,9,대전 월드컵 경기장,13405,흐림,17.1,77
2024,K리그1,35,209,2024-10-27 16:30:00,일,인천,광주,12,7,인천 축구 전용경기장,8257,흐리고 비,18.0,65
2024,K리그1,35,210,2024-10-27 16:30:00,일,제주,전북,8,11,제주 월드컵 경기장,6376,비,20.0,83
2024,K리그1,36,211,2024-11-01 19:30:00,금,울산,강원,1,2,울산 종합 운동장,13438,비,14.4,96
2024,K리그1,36,212,2024-11-02 14:00:00,토,전북,인천,11,12,전주 월드컵 경기장,18244,맑음,21.3,66
2024,K리그1,36,213,2024-11-02 16:30:00,토,서울,포항,4,5,서울 월드컵 경기장,29377,맑음,22.6,43
2024,K리그1,36,214,2024-11-02 16:30:00,토,김천,수원FC,3,6,김천 종합 운동장,1910,맑음,22.0,51
2024,K리그1,36,215,2024-11-02 16:30:00,토,광주,대전,8,9,광주 축구 전용경기장,4666,맑음,22.5,63
2024,K리그1,36,216,2024-11-03 14:00:00,일,대구,제주,10,7,DGB대구은행파크,11940,맑음,19.9,59
2024,K리그1,37,217,2024-11-09 16:30:00,토,수원FC,강원,6,2,수원 종합 운동장,6778,맑음,19.8,37
2024,K리그1,37,218,2024-11-10 14:00:00,일,서울,울산,4,1,서울 월드컵 경기장,37288,맑음,18.4,49
2024,K리그1,37,219,2024-11-10 14:00:00,일,포항,김천,5,3,포항 스틸야드,8632,흐림,19.0,77
2024,K리그1,37,220,2024-11-10 16:30:00,일,인천,대전,12,9,인천 축구 전용경기장,14633,맑음,19.0,50
2024,K리그1,37,221,2024-11-10 16:30:00,일,제주,광주,7,8,제주 월드컵 경기장,7651,비,18.0,84
2024,K리그1,37,222,2024-11-10 16:30:00,일,전북,대구,11,10,전주 월드컵 경기장,18985,흐림,17.0,71
2024,K리그1,38,223,2024-11-23 14:00:00,토,울산,수원FC,1,6,울산 문수 축구경기장,24096,흐림,12.2,56
2024,K리그1,38,224,2024-11-23 14:00:00,토,김천,서울,2,4,김천 종합 운동장,5943,맑음,9.5,44
2024,K리그1,38,225,2024-11-23 14:00:00,토,강원,포항,3,5,강릉 종합 운동장,11426,흐리고 비,7.7,76
2024,K리그1,38,226,2024-11-24 14:00:00,일,광주,전북,8,10,광주 축구 전용경기장,7957,맑음,14.0,45
2024,K리그1,38,227,2024-11-24 14:00:00,일,대구,인천,11,12,DGB대구은행파크,11812,맑음,12.5,58
2024,K리그1,38,228,2024-11-24 14:00:00,일,대전,제주,9,7,대전 월드컵 경기장,12743,맑음,11.9,48
2025,K리그1,1,1,2025-02-15 13:00:00,토,포항,대전,0,0,포항 스틸야드,10519,맑음,10.0,43
2025,K리그1,1,2,2025-02-15 15:30:00,토,제주,서울,0,0,제주 월드컵 경기장,11049,흐리고 비,9.0,83
2025,K리그1,1,3,2025-02-15 16:30:00,토,광주,수원FC,0,0,광주 월드컵 경기장,4690,흐림,7.0,60
2025,K리그1,1,4,2025-02-16 14:00:00,일,울산,안양,0,0,울산 문수 축구경기장,18718,맑음,13.0,30
2025,K리그1,1,5,2025-02-16 16:30:00,일,전북,김천,0,0,전주 월드컵 경기장,19619,맑음,11.0,57
2025,K리그1,1,6,2025-02-16 16:30:00,일,대구,강원,0,0,대구iM뱅크PARK,12240,맑음,12.1,34
2025,K리그1,2,7,2025-02-22 14:00:00,토,제주,김천,2,8,제주 월드컵 경기장,5733,맑음,4.0,62
2025,K리그1,2,8,2025-02-22 16:30:00,토,서울,안양,11,5,서울 월드컵 경기장,41415,맑음,0.9,34
2025,K리그1,2,9,2025-02-22 16:30:00,토,대구,수원FC,3,6,대구iM뱅크PARK,12098,맑음,4.4,21
2025,K리그1,2,10,2025-02-23 14:00:00,일,대전,울산,4,11,대전 월드컵 경기장,19628,눈,0.7,34
2025,K리그1,2,11,2025-02-23 16:30:00,일,전북,광주,5,9,전주 월드컵 경기장,15393,흐림,1.0,41
2025,K리그1,2,12,2025-02-23 16:30:00,일,강원,포항,10,12,춘천 송암 스포츠타운,6539,맑음,0.5,23
2025,K리그1,3,13,2025-03-01 14:00:00,토,울산,전북,7,2,울산 문수 축구경기장,26317,흐림,17.1,41
2025,K리그1,3,14,2025-03-01 16:30:00,토,포항,대구,12,1,포항 스틸야드,11207,흐림,17.0,41
2025,K리그1,3,15,2025-03-01 16:30:00,토,광주,안양,10,8,광주 월드컵 경기장,3319,흐림,13.0,85
2025,K리그1,3,16,2025-03-02 14:00:00,일,대전,수원FC,7,11,대전 월드컵 경기장,7220,흐림,12.7,78
2025,K리그1,3,17,2025-03-02 16:30:00,일,강원,제주,8,5,춘천 송암 스포츠타운,5009,비,8.6,62
2025,K리그1,3,18,2025-03-03 14:00:00,월,서울,김천,10,8,서울 월드컵 경기장,24889,맑음,4.9,48
2025,K리그1,4,19,2025-03-08 14:00:00,토,수원FC,서울,11,9,수원 종합 운동장,8661,맑음,9.1,30
2025,K리그1,4,20,2025-03-08 16:30:00,토,대구,대전,1,2,대구iM뱅크PARK,12168,흐림,10.4,49
2025,K리그1,4,21,2025-03-08 16:30:00,토,안양,김천,10,6,안양 종합 운동장,13579,맑음,10.0,25
2025,K리그1,4,22,2025-03-09 14:00:00,일,울산,제주,4,7,울산 문수 축구경기장,16749,맑음,11.2,32
2025,K리그1,4,23,2025-03-22 16:30:00,토,광주,포항,8,12,광주 월드컵 경기장,4544,맑음,20.5,30
2025,K리그1,4,24,2025-03-09 16:30:00,일,전북,강원,8,9,전주 월드컵 경기장,14090,맑음,13.0,38
2025,K리그1,5,25,2025-03-15 14:00:00,토,제주,대전,8,1,제주 월드컵 경기장,4651,흐림,10.0,80
2025,K리그1,5,26,2025-03-15 16:30:00,토,강원,서울,5,7,춘천 송암 스포츠타운,10231,맑음,15.1,24
2025,K리그1,5,27,2025-03-15 16:30:00,토,대구,안양,4,10,대구iM뱅크PARK,12183,흐림,8.6,63
2025,K리그1,5,28,2025-03-16 14:00:00,일,수원FC,울산,11,2,수원 종합 운동장,5557,흐림,5.4,71
2025,K리그1,5,29,2025-03-16 16:30:00,일,김천,광주,4,8,김천 종합 운동장,3193,흐림,3.2,76
2025,K리그1,5,30,2025-03-16 16:30:00,일,전북,포항,10,12,전주 월드컵 경기장,10442,맑음,7.0,56
2025,K리그1,6,31,2025-03-29 14:00:00,토,서울,대구,4,5,서울 월드컵 경기장,25258,흐림,4.3,55
2025,K리그1,6,32,2025-03-29 16:30:00,토,포항,울산,10,2,포항 스틸야드,12565,맑음,11.0,17
2025,K리그1,6,33,2025-03-29 16:30:00,토,대전,광주,1,7,대전 월드컵 경기장,11469,흐림,6.3,50
2025,K리그1,6,34,2025-03-30 14:00:00,일,제주,수원FC,11,12,제주 월드컵 경기장,10778,맑음,7.0,33
2025,K리그1,6,35,2025-03-30 16:30:00,일,김천,강원,4,8,김천 종합 운동장,2026,맑음,8.2,25
2025,K리그1,6,36,2025-03-30 16:30:00,일,안양,전북,9,10,안양 종합 운동장,10031,맑음,6.0,55
2025,K리그1,7,37,2025-04-05 14:00:00,토,울산,서울,4,3,울산 문수 축구경기장,20358,흐리고 비,14.0,45
2025,K리그1,7,38,2025-04-05 16:30:00,토,김천,대구,2,7,김천 종합 운동장,3740,비,10.7,74
2025,K리그1,7,39,2025-04-05 16:30:00,토,대전,전북,1,5,대전 월드컵 경기장,14622,비,10.2,92
2025,K리그1,7,40,2025-04-05 19:00:00,토,수원FC,포항,12,6,수원 종합 운동장,2924,비,8.0,95
2025,K리그1,7,41,2025-04-06 16:30:00,일,안양,강원,11,10,안양 종합 운동장,8127,맑음,14.3,35
2025,K리그1,7,42,2025-04-06 16:30:00,일,광주,제주,8,9,광주 월드컵 경기장,3858,맑음,17.5,23
2025,K리그1,8,43,2025-04-12 14:00:00,토,수원FC,김천,12,2,수원 종합 운동장,2066,비,22.2,26
2025,K리그1,8,44,2025-04-12 16:30:00,토,서울,대전,4,1,서울 월드컵 경기장,20284,비,15.3,67
2025,K리그1,8,45,2025-04-12 16:30:00,토,포항,안양,7,8,포항 스틸야드,8354,흐리고 비,16.0,55
2025,K리그1,8,46,2025-04-13 14:00:00,일,강원,광주,12,3,춘천 송암 스포츠타운,5080,흐림,6.1,76
2025,K리그1,8,47,2025-04-13 16:30:00,일,전북,제주,6,10,전주 월드컵 경기장,10958,흐림,10.0,30
2025,K리그1,8,48,2025-04-13 16:30:00,일,대구,울산,9,7,대구iM뱅크PARK,12218,흐림,11.6,36
2025,K리그1,9,49,2025-04-19 14:00:00,토,울산,강원,3,8,울산 문수 축구경기장,13536,맑음,24.4,48
2025,K리그1,9,50,2025-04-19 16:30:00,토,김천,대전,2,1,김천 종합 운동장,2789,흐림,28.1,38
2025,K리그1,9,51,2025-04-19 16:30:00,토,안양,수원FC,9,12,안양 종합 운동장,4508,비,20.4,72
2025,K리그1,9,52,2025-04-19 19:00:00,토,서울,광주,5,4,서울 월드컵 경기장,19234,흐리고 비,13.2,94
2025,K리그1,9,53,2025-04-20 16:30:00,일,제주,포항,10,9,제주 월드컵 경기장,5531,흐리고 비,21.0,85
2025,K리그1,9,54,2025-04-20 16:30:00,일,전북,대구,8,11,전주 월드컵 경기장,12897,맑음,21.0,75
2025,K리그1,10,55,2025-04-26 14:00:00,토,수원FC,전북,12,4,수원 종합 운동장,7131,맑음,18.7,36
2025,K리그1,10,56,2025-04-09 19:30:00,수,광주,대구,6,9,광주 월드컵 경기장,1983,흐림,13.5,50
2025,K리그1,10,57,2025-04-26 16:30:00,토,안양,제주,8,10,안양 종합 운동장,5939,맑음,17.3,42
2025,K리그1,10,58,2025-04-27 14:00:00,일,포항,서울,9,7,포항 스틸야드,10984,맑음,26.0,16
2025,K리그1,10,59,2025-04-27 16:30:00,일,김천,울산,6,3,김천 종합 운동장,3300,맑음,26.2,13
2025,K리그1,10,60,2025-04-27 16:30:00,일,대전,강원,1,8,대전 월드컵 경기장,9412,맑음,24.0,16
2025,K리그1,11,61,2025-05-02 19:30:00,금,울산,광주,4,5,울산 문수 축구경기장,9659,맑음,20.0,40
2025,K리그1,11,62,2025-05-02 19:30:00,금,포항,김천,7,3,포항 스틸야드,7405,흐림,13.0,57
2025,K리그1,11,63,2025-05-03 16:30:00,토,대전,안양,1,6,대전 월드컵 경기장,12570,흐림,13.2,75
2025,K리그1,11,64,2025-05-03 16:30:00,토,대구,제주,11,10,대구iM뱅크PARK,11325,흐림,10.7,92
2025,K리그1,11,65,2025-05-03 19:00:00,토,서울,전북,8,4,서울 월드컵 경기장,48008,맑음,12.0,85
2025,K리그1,11,66,2025-05-03 19:00:00,토,강원,수원FC,9,12,춘천 송암 스포츠타운,5105,흐림,12.3,71
2025,K리그1,12,67,2025-05-05 16:30:00,월,광주,김천,5,3,광주 월드컵 경기장,6238,비,14.0,70
2025,K리그1,12,68,2025-05-05 16:30:00,월,울산,포항,4,7,울산 문수 축구경기장,23442,흐림,16.6,47
2025,K리그1,12,69,2025-05-06 14:00:00,화,전북,대전,2,1,전주 월드컵 경기장,24338,흐림,15.0,66
2025,K리그1,12,70,2025-05-06 16:30:00,화,제주,강원,10,8,제주 월드컵 경기장,11017,흐림,17.0,79
2025,K리그1,12,71,2025-05-06 19:00:00,화,안양,서울,7,9,안양 종합 운동장,10103,맑음,19.0,42
2025,K리그1,12,72,2025-05-06 19:00:00,화,수원FC,대구,12,11,수원 종합 운동장,3114,맑음,18.2,47
2025,K리그1,13,73,2025-05-10 16:30:00,토,포항,수원FC,8,11,포항 스틸야드,8811,맑음,19.0,54
2025,K리그1,13,74,2025-05-10 19:00:00,토,대전,서울,1,9,대전 월드컵 경기장,13706,흐리고 비,12.6,85
2025,K리그1,13,75,2025-05-10 19:00:00,토,안양,대구,7,12,안양 종합 운동장,6365,비,12.0,76
2025,K리그1,13,76,2025-05-11 16:30:00,일,제주,울산,11,3,제주 월드컵 경기장,8012,맑음,16.0,71
2025,K리그1,13,77,2025-05-11 19:00:00,일,강원,김천,8,4,춘천 송암 스포츠타운,3628,맑음,20.0,55
2025,K리그1,13,78,2025-05-11 19:00:00,일,광주,전북,6,2,광주 월드컵 경기장,8444,맑음,16.0,60
2025,K리그1,14,79,2025-05-17 16:30:00,토,전북,안양,2,7,전주 월드컵 경기장,21021,맑음,26.0,60
2025,K리그1,14,80,2025-05-17 19:00:00,토,강원,울산,8,3,춘천 송암 스포츠타운,6920,흐리고 비,23.0,59
2025,K리그1,14,81,2025-05-17 19:00:00,토,김천,제주,4,11,김천 종합 운동장,1771,맑음,27.7,42
2025,K리그1,14,82,2025-05-18 16:30:00,일,포항,광주,5,6,포항 스틸야드,9819,맑음,18.0,59
2025,K리그1,14,83,2025-05-18 16:30:00,일,대구,서울,11,9,대구iM뱅크PARK,11699,맑음,22.8,34
2025,K리그1,14,84,2025-05-18 19:00:00,일,수원FC,대전,12,1,수원 종합 운동장,3579,맑음,19.8,32
2025,K리그1,15,85,2025-05-23 19:30:00,금,제주,전북,11,2,제주 월드컵 경기장,6224,비,17.0,87
2025,K리그1,15,86,2025-05-23 19:30:00,금,안양,포항,9,6,안양 종합 운동장,6124,흐림,21.7,40
2025,K리그1,15,87,2025-05-24 16:30:00,토,서울,수원FC,7,10,서울 월드컵 경기장,25578,흐림,17.3,60
2025,K리그1,15,88,2025-05-24 19:00:00,토,울산,김천,3,4,울산 문수 축구경기장,16012,흐리고 비,12.0,90
2025,K리그1,15,89,2025-05-24 19:00:00,토,대전,대구,2,12,대전 월드컵 경기장,10417,흐림,14.4,78
2025,K리그1,15,90,2025-05-25 16:30:00,일,광주,강원,6,8,광주 월드컵 경기장,4554,맑음,24.5,43
2025,K리그1,16,91,2025-05-27 19:30:00,화,수원FC,제주,10,11,수원 종합 운동장,1884,맑음,24.3,55
2025,K리그1,16,92,2025-05-27 19:30:00,화,대전,포항,1,5,대전 월드컵 경기장,5833,맑음,25.3,36
2025,K리그1,16,93,2025-05-27 19:30:00,화,대구,전북,12,2,대구iM뱅크PARK,7994,맑음,27.3,26
2025,K리그1,16,94,2025-05-28 19:30:00,수,김천,서울,5,8,김천 종합 운동장,2040,맑음,26.6,32
2025,K리그1,16,95,2025-05-28 19:30:00,수,강원,안양,7,9,춘천 송암 스포츠타운,3135,비,19.5,75
2025,K리그1,16,96,2025-05-28 19:30:00,수,광주,울산,6,3,광주 월드컵 경기장,2933,맑음,24.0,53
2025,K리그1,17,97,2025-05-31 19:00:00,토,서울,제주,7,10,서울 월드컵 경기장,24270,흐림,23.5,50
2025,K리그1,17,98,2025-05-31 19:00:00,토,전북,울산,1,3,전주 월드컵 경기장,31830,맑음,24.0,49
2025,K리그1,17,99,2025-05-31 19:00:00,토,안양,대전,9,2,안양 종합 운동장,8752,흐림,24.2,40
2025,K리그1,17,100,2025-06-01 19:00:00,일,김천,수원FC,5,11,김천 종합 운동장,1533,맑음,29.9,28
2025,K리그1,17,101,2025-06-01 19:00:00,일,포항,강원,4,9,포항 스틸야드,8944,맑음,19.0,77
2025,K리그1,17,102,2025-06-01 19:00:00,일,대구,광주,12,6,대구iM뱅크PARK,11111,맑음,30.5,24
2025,K리그1,18,103,2025-06-13 19:30:00,금,강원,전북,9,1,춘천 송암 스포츠타운,6219,흐림,27.0,47
2025,K리그1,18,104,2025-06-13 19:30:00,금,광주,서울,6,7,광주 월드컵 경기장,2746,비,23.0,85
2025,K리그1,18,105,2025-06-14 19:00:00,토,김천,포항,5,4,김천 종합 운동장,2681,맑음,26.8,71
2025,K리그1,18,106,2025-06-14 19:00:00,토,수원FC,안양,11,8,수원 종합 운동장,7524,맑음,28.8,58
2025,K리그1,18,107,2025-06-14 19:00:00,토,제주,대구,10,12,제주 월드컵 경기장,6542,맑음,24.0,83
2025,K리그1,18,108,2025-04-01 19:30:00,화,울산,대전,4,1,울산 문수 축구경기장,6902,맑음,11.1,45
2025,K리그1,19,109,2025-06-17 19:30:00,화,서울,강원,6,10,서울 월드컵 경기장,15290,맑음,28.4,61
2025,K리그1,19,110,2025-06-17 19:30:00,화,전북,수원FC,1,11,전주 월드컵 경기장,11355,맑음,29.0,61
2025,K리그1,19,111,2025-06-17 19:30:00,화,대구,포항,12,5,대구iM뱅크PARK,9384,맑음,29.8,56
2025,K리그1,19,112,2025-06-18 19:30:00,수,제주,광주,9,8,제주 월드컵 경기장,5307,맑음,25.0,77
2025,K리그1,19,113,2025-06-18 19:30:00,수,대전,김천,2,5,대전 월드컵 경기장,5016,맑음,31.0,45
2025,K리그1,19,114,2025-04-23 19:30:00,수,안양,울산,8,5,안양 종합 운동장,5592,맑음,21.9,38
2025,K리그1,20,115,2025-06-21 19:00:00,토,강원,대구,10,12,강릉하이원아레나,9256,흐림,26.4,59
2025,K리그1,20,116,2025-06-21 19:00:00,토,포항,제주,5,9,포항 스틸야드,6204,비,22.0,79
2025,K리그1,20,117,2025-06-21 19:00:00,토,전북,서울,1,7,전주 월드컵 경기장,22862,비,21.0,94
2025,K리그1,20,118,2025-06-22 19:00:00,일,김천,안양,4,9,김천 종합 운동장,1774,맑음,28.9,44
2025,K리그1,20,119,2025-08-02 19:00:00,토,울산,수원FC,7,11,울산 문수 축구경기장,10197,맑음,31.1,69
2025,K리그1,20,120,2025-06-22 19:00:00,일,광주,대전,7,2,광주 월드컵 경기장,3055,맑음,24.0,70
2025,K리그1,21,121,2025-06-27 19:30:00,금,김천,전북,3,1,김천 종합 운동장,3840,맑음,31.8,53
2025,K리그1,21,122,2025-06-27 19:30:00,금,대전,제주,2,10,대전 월드컵 경기장,7097,맑음,30.4,53
2025,K리그1,21,123,2025-06-28 19:00:00,토,수원FC,강원,11,8,수원 종합 운동장,3401,흐림,28.7,76
2025,K리그1,21,124,2025-06-28 19:00:00,토,안양,광주,9,6,안양 종합 운동장,7253,흐림,28.4,75
2025,K리그1,21,125,2025-07-12 19:00:00,토,울산,대구,7,12,울산 문수 축구경기장,14555,맑음,27.0,10
2025,K리그1,21,126,2025-06-29 19:00:00,일,서울,포항,8,4,서울 월드컵 경기장,20036,맑음,28.2,83
2025,K리그1,22,127,2025-07-18 19:30:00,금,수원FC,광주,11,5,수원 종합 운동장,2036,흐림,27.7,73
2025,K리그1,22,128,2025-07-18 19:30:00,금,대구,김천,12,3,대구iM뱅크PARK,8562,비,27.0,84
2025,K리그1,22,129,2025-07-19 19:00:00,토,강원,대전,8,3,강릉하이원아레나,10207,맑음,31.0,60
2025,K리그1,22,130,2025-07-19 19:00:00,토,포항,전북,4,1,포항 스틸야드,13973,흐림,23.0,92
2025,K리그1,22,131,2025-07-19 19:00:00,토,제주,안양,10,9,제주 월드컵 경기장,7120,맑음,28.0,86
2025,K리그1,22,132,2025-07-20 19:00:00,일,서울,울산,7,6,서울 월드컵 경기장,24047,맑음,29.3,74
2025,K리그1,23,133,2025-07-22 19:30:00,화,포항,수원FC,5,11,포항 스틸야드,8260,맑음,35.0,46
2025,K리그1,23,134,2025-07-22 19:30:00,화,광주,김천,6,3,광주 월드컵 경기장,1710,흐림,29.0,75
2025,K리그1,23,135,2025-07-22 19:30:00,화,안양,대구,10,12,안양 종합 운동장,5368,맑음,30.7,62
2025,K리그1,23,136,2025-07-23 19:30:00,수,울산,대전,7,3,울산 문수 축구경기장,8127,맑음,30.7,64
2025,K리그1,23,137,2025-07-23 19:30:00,수,제주,서울,10,4,제주 월드컵 경기장,7084,맑음,30.0,65
2025,K리그1,23,138,2025-07-23 19:30:00,수,전북,강원,1,8,전주 월드컵 경기장,13795,맑음,33.0,63
2025,K리그1,24,139,2025-07-26 19:00:00,토,김천,제주,3,8,김천 종합 운동장,1922,맑음,33.8,54
2025,K리그1,24,140,2025-07-26 19:00:00,토,수원FC,안양,11,10,수원 종합 운동장,8027,맑음,36.0,48
2025,K리그1,24,141,2025-07-26 19:00:00,토,광주,전북,6,1,광주 월드컵 경기장,9544,맑음,31.0,60
2025,K리그1,24,142,2025-07-27 19:00:00,일,강원,울산,9,7,강릉하이원아레나,9144,맑음,37.1,42
2025,K리그1,24,143,2025-07-27 19:00:00,일,대전,서울,3,4,대전 월드컵 경기장,11029,맑음,35.4,53
2025,K리그1,24,144,2025-07-27 19:00:00,일,대구,포항,12,5,대구iM뱅크PARK,10153,맑음,35.0,47
2025,K리그1,25,145,2025-08-08 19:30:00,금,서울,대구,4,12,서울 월드컵 경기장,15778,흐림,27.6,75
2025,K리그1,25,146,2025-08-08 19:30:00,금,전북,안양,1,11,전주 월드컵 경기장,21346,흐림,28.0,63
2025,K리그1,25,147,2025-08-09 19:30:00,토,울산,제주,7,9,울산 문수 축구경기장,10510,흐리고 비,24.0,88
2025,K리그1,25,148,2025-08-09 19:30:00,토,강원,김천,8,2,강릉하이원아레나,9415,흐림,27.0,74
2025,K리그1,25,149,2025-08-10 19:00:00,일,포항,광주,5,7,포항 스틸야드,10020,맑음,27.0,73
2025,K리그1,25,150,2025-08-10 19:00:00,일,대전,수원FC,3,10,대전 월드컵 경기장,9022,맑음,31.3,51
2025,K리그1,26,151,2025-08-15 19:00:00,금,제주,강원,9,8,제주 월드컵 경기장,8093,맑음,29.0,77
2025,K리그1,26,152,2025-08-15 19:00:00,금,안양,포항,11,4,안양 종합 운동장,8122,맑음,30.2,66
2025,K리그1,26,153,2025-08-16 19:00:00,토,전북,대구,1,12,전주 월드컵 경기장,23460,맑음,33.0,53
2025,K리그1,26,154,2025-08-16 20:00:00,토,수원FC,울산,10,6,수원 종합 운동장,5702,맑음,29.7,69
2025,K리그1,26,155,2025-08-17 19:00:00,일,김천,서울,4,5,김천 종합 운동장,2667,맑음,32.3,49
2025,K리그1,26,156,2025-08-17 19:00:00,일,광주,대전,7,2,광주 월드컵 경기장,3278,맑음,29.0,70
2025,K리그1,27,157,2025-08-23 19:00:00,토,김천,수원FC,2,9,김천 종합 운동장,2303,맑음,33.0,55
2025,K리그1,27,158,2025-08-23 19:30:00,토,광주,강원,6,8,광주 월드컵 경기장,3044,맑음,29.5,70
2025,K리그1,27,159,2025-08-23 19:00:00,토,대구,제주,12,10,대구iM뱅크PARK,7586,맑음,35.0,41
2025,K리그1,27,160,2025-08-24 19:00:00,일,서울,울산,5,8,서울 월드컵 경기장,20737,맑음,30.8,67
2025,K리그1,27,161,2025-08-24 19:00:00,일,포항,전북,4,1,포항 스틸야드,11582,맑음,31.0,51
2025,K리그1,27,162,2025-08-24 19:00:00,일,안양,대전,11,3,안양 종합 운동장,6317,맑음,33.9,51
2025,K리그1,28,163,2025-08-30 19:00:00,토,울산,전북,8,1,울산 문수 축구경기장,23294,맑음,31.2,56
2025,K리그1,28,164,2025-08-30 19:00:00,토,대구,수원FC,12,9,대구iM뱅크PARK,7324,맑음,35.2,39
2025,K리그1,28,165,2025-08-30 19:00:00,토,제주,광주,10,6,제주 월드컵 경기장,6967,맑음,28.0,78
2025,K리그1,28,166,2025-08-31 19:00:00,일,서울,안양,5,11,서울 월드컵 경기장,20027,맑음,28.8,75
2025,K리그1,28,167,2025-08-31 19:00:00,일,강원,포항,7,3,강릉하이원아레나,8505,흐림,29.5,78
2025,K리그1,28,168,2025-08-31 19:00:00,일,대전,김천,4,2,대전 월드컵 경기장,6534,흐림,27.3,80
2025,K리그1,29,169,2025-09-13 19:00:00,토,강원,서울,7,5,강릉하이원아레나,7572,비,20.4,95
2025,K리그1,29,170,2025-09-13 19:00:00,토,포항,울산,4,8,포항 스틸야드,14166,비,22.0,85
2025,K리그1,29,171,2025-09-13 19:00:00,토,전북,대전,1,3,전주 월드컵 경기장,22588,흐림,26.0,80
2025,K리그1,29,172,2025-09-14 19:00:00,일,안양,제주,9,11,안양 종합 운동장,7412,맑음,28.3,59
2025,K리그1,29,173,2025-09-14 19:00:00,일,김천,대구,2,12,김천 종합 운동장,3872,맑음,26.6,76
2025,K리그1,29,174,2025-09-14 19:00:00,일,수원FC,광주,10,7,수원 종합 운동장,3354,맑음,28.0,62
2025,K리그1,30,175,2025-09-20 16:30:00,토,전북,김천,1,2,전주 월드컵 경기장,17212,맑음,24.0,77
2025,K리그1,30,176,2025-09-20 19:00:00,토,대전,대구,3,12,대전 월드컵 경기장,21045,흐림,22.9,78
2025,K리그1,30,177,2025-09-21 16:30:00,일,울산,안양,9,8,울산 문수 축구경기장,13201,맑음,22.5,65
2025,K리그1,30,178,2025-09-21 16:30:00,일,수원FC,강원,10,6,수원 종합 운동장,4005,맑음,265.0,50
2025,K리그1,30,179,2025-09-21 19:00:00,일,서울,광주,7,5,서울 월드컵 경기장,15221,맑음,22.8,67
2025,K리그1,30,180,2025-09-21 19:00:00,일,포항,제주,4,11,포항 스틸야드,9014,맑음,21.0,69
2025,K리그1,31,181,2025-09-27 14:00:00,토,강원,대전,7,3,강릉하이원아레나,7112,맑음,24.9,67
2025,K리그1,31,182,2025-09-27 16:30:00,토,김천,포항,2,4,김천 종합 운동장,3634,맑음,27.0,52
2025,K리그1,31,183,2025-09-27 16:30:00,토,대구,울산,12,9,대구iM뱅크PARK,10601,맑음,28.1,49
2025,K리그1,31,184,2025-09-27 19:00:00,토,서울,전북,5,1,서울 월드컵 경기장,31348,흐림,24.0,75
2025,K리그1,31,185,2025-09-28 16:30:00,일,제주,수원FC,11,10,제주 월드컵 경기장,5142,맑음,27.0,77
2025,K리그1,31,186,2025-09-28 16:30:00,일,안양,광주,8,7,안양 종합 운동장,7435,흐림,20.7,78
2025,K리그1,32,187,2025-10-03 14:00:00,금,제주,전북,11,1,제주 월드컵 경기장,6102,비,24.0,97
2025,K리그1,32,188,2025-10-04 14:00:00,토,광주,대구,6,12,광주 월드컵 경기장,6731,흐림,25.0,80
2025,K리그1,32,189,2025-10-05 14:00:00,일,김천,울산,2,10,김천 종합 운동장,4239,흐림,24.6,74
2025,K리그1,32,190,2025-10-05 14:00:00,일,포항,대전,4,3,포항 스틸야드,11821,맑음,24.0,75
2025,K리그1,32,191,2025-10-05 16:30:00,일,강원,안양,7,8,강릉하이원아레나,8464,흐림,24.5,71
2025,K리그1,32,192,2025-10-05 16:30:00,일,수원FC,서울,9,5,수원 종합 운동장,7304,비,22.3,88
2025,K리그1,33,193,2025-10-18 14:00:00,토,울산,광주,10,7,울산 문수 축구경기장,10294,흐리고 비,19.1,93
2025,K리그1,33,194,2025-10-18 14:00:00,토,서울,포항,5,4,서울 월드컵 경기장,23672,흐림,14.4,97
2025,K리그1,33,195,2025-10-18 14:00:00,토,대전,제주,3,11,대전 월드컵 경기장,10425,흐림,16.0,93
2025,K리그1,33,196,2025-10-18 14:00:00,토,전북,수원FC,1,9,전주 월드컵 경기장,21899,흐림,17.0,91
2025,K리그1,33,197,2025-10-18 14:00:00,토,대구,강원,12,6,대구iM뱅크PARK,10795,흐림,19.3,89
2025,K리그1,33,198,2025-10-18 14:00:00,토,안양,김천,8,2,안양 종합 운동장,7178,흐림,15.6,81
2025,K리그1,34,199,2025-10-25 14:00:00,토,전북,김천,1,2,전주 월드컵 경기장,8498,맑음,18.0,70
2025,K리그1,34,200,2025-10-25 14:00:00,토,광주,안양,8,7,광주 월드컵 경기장,2228,맑음,20.0,65
2025,K리그1,34,201,2025-10-25 16:30:00,토,수원FC,제주,10,11,수원 종합 운동장,2510,흐림,18.0,51
2025,K리그1,34,202,2025-10-26 14:00:00,일,울산,대구,9,12,울산 문수 축구경기장,10858,흐림,17.0,10
2025,K리그1,34,203,2025-10-26 14:00:00,일,서울,강원,5,7,서울 월드컵 경기장,12177,흐림,10.3,91
2025,K리그1,34,204,2025-10-26 16:30:00,일,대전,포항,3,4,대전 월드컵 경기장,8275,흐림,15.7,62
2025,K리그1,35,205,2025-11-01 14:00:00,토,강원,전북,7,1,강릉하이원아레나,6424,맑음,17.8,33
2025,K리그1,35,206,2025-11-01 14:00:00,토,대전,서울,3,5,대전 월드컵 경기장,9353,맑음,17.0,44
2025,K리그1,35,207,2025-11-01 16:30:00,토,김천,포항,2,4,김천 종합 운동장,2147,맑음,16.3,42
2025,K리그1,35,208,2025-11-01 16:30:00,토,안양,울산,8,9,안양 종합 운동장,8206,흐림,15.5,39
2025,K리그1,35,209,2025-11-02 14:00:00,일,광주,제주,7,11,광주 월드컵 경기장,2485,맑음,14.0,45
2025,K리그1,35,210,2025-11-02 16:30:00,일,수원FC,대구,10,12,수원 종합 운동장,3865,맑음,10.0,41
2025,K리그1,36,211,2025-11-08 14:00:00,토,제주,안양,11,7,제주 월드컵 경기장,4161,비,18.4,71
2025,K리그1,36,212,2025-11-08 14:00:00,토,대구,광주,12,6,대구iM뱅크PARK,9372,흐림,17.0,68
2025,K리그1,36,213,2025-11-08 16:30:00,토,김천,강원,3,8,김천 종합 운동장,1405,흐림,15.5,63
2025,K리그1,36,214,2025-11-08 16:30:00,토,전북,대전,1,2,전주 월드컵 경기장,23160,흐림,19.0,60
2025,K리그1,36,215,2025-11-09 14:00:00,일,포항,서울,4,5,포항 스틸야드,10493,맑음,19.0,66
2025,K리그1,36,216,2025-11-09 16:30:00,일,울산,수원FC,9,10,울산 문수 축구경기장,10187,맑음,20.0,51
2025,K리그1,37,217,2025-11-22 14:00:00,토,안양,수원FC,6,10,안양 종합 운동장,7835,맑음,12.9,50
2025,K리그1,37,218,2025-11-22 14:00:00,토,서울,김천,5,3,서울 월드컵 경기장,13247,맑음,14.0,50
2025,K리그1,37,219,2025-11-22 14:00:00,토,대전,강원,2,8,대전 월드컵 경기장,9102,맑음,14.0,43
2025,K리그1,37,220,2025-11-22 16:30:00,토,광주,울산,7,9,광주 월드컵 경기장,4033,맑음,12.5,57
2025,K리그1,37,221,2025-11-22 16:30:00,토,포항,전북,4,1,포항 스틸야드,10572,맑음,15.0,43
2025,K리그1,37,222,2025-11-23 14:00:00,일,제주,대구,11,12,제주 월드컵 경기장,9246,맑음,17.0,35
2025,K리그1,38,223,2025-11-30 14:00:00,일,대구,안양,12,8,대구iM뱅크PARK,12092,맑음,14.7,55
2025,K리그1,38,224,2025-11-30 14:00:00,일,수원FC,광주,10,5,수원 종합 운동장,6064,맑음,13.0,71
2025,K리그1,38,225,2025-11-30 14:00:00,일,울산,제주,9,11,울산 문수 축구경기장,11928,맑음,18.6,47
2025,K리그1,38,226,2025-11-30 16:30:00,일,전북,서울,1,6,전주 월드컵 경기장,21742,맑음,19.0,35
2025,K리그1,38,227,2025-11-30 16:30:00,일,김천,대전,3,2,김천 종합 운동장,2804,맑음,16.0,46
2025,K리그1,38,228,2025-11-30 16:30:00,일,강원,포항,7,4,강릉하이원아레나,6524,맑음,18.7,35
